,HGNC Symbol
10,CFH
12,GCLC
13,NFYA
16,LAS1L
19,CFTR
21,CYP51A1
28,DAO
30,HECW1
31,MAD1L1
32,LASP1
34,TMEM176A
35,M6PR
36,KLHL13
37,CYP26B1
40,ALS2
41,CASP10
43,TFPI
44,NDUFAF7
45,RBM5
47,SLC7A2
49,SARM1
51,PLXND1
56,RBM6
58,RECQL
59,VPS50
60,HSPB6
61,ARHGAP33
64,SLC22A16
66,ABCB5
70,CDC27
71,SLC4A1
72,CALCR
76,UPF1
78,SLC25A5
80,HOXA11
82,DHX33
84,THSD7A
86,RPAP3
87,ACSM3
92,COPZ2
93,PRKAR2B
94,MSL3
95,CREBBP
96,TSPOAP1
97,MPO
98,PON1
101,CROT
102,ABCB4
103,KMT2E
107,ZNF195
108,MYCBP2
109,FBXL3
110,ITGAL
112,ITGA3
113,ZFX
115,ITGA2B
116,ASB4
120,OSBPL7
124,MAP3K14
125,ABCC8
126,CACNG3
127,TMEM132A
132,SPATA20
133,CACNA1G
136,MAP3K9
139,KDM7A
140,ETV1
142,ALDH3B1
144,PHTF2
146,FARP2
147,USH1C
149,DBF4
150,TBXA2R
152,LGALS14
154,GTF2IRD1
156,VPS41
157,ARHGAP44
159,SCIN
160,ARSD
162,MYH13
163,ADIPOR2
167,MARK4
168,PROM1
173,DNAH9
176,GAS7
179,CEACAM7
180,CD79B
181,SCN4A
186,RHBDF1
189,BAIAP3
199,E2F2
202,JARID2
203,CDKL5
205,CDK11A
207,TFAP2B
208,TFAP2D
209,DLEC1
211,ADAM22
214,SPAG9
215,CELSR3
217,PLEKHG6
223,NFIX
225,MMP25
227,PKD1
228,MAPK8IP2
230,RHOBTB2
231,HEATR5B
232,SEC62
234,CSDE1
236,REV3L
237,TENM1
238,PAX7
239,MASP2
243,POMT2
246,BAZ1B
251,DYRK4
256,HHATL
257,NCAPD2
259,GIPR
262,NISCH
263,STAB1
265,SLC6A13
267,PRSS3
271,BTK
274,SLK
275,HIVEP2
278,LYPLA2
279,CLCN6
288,ANOS1
291,UTP18
300,ANLN
302,RABGAP1
303,DCN
306,CEP68
307,MAP4K3
308,MYNN
311,GABRA3
312,BRCA1
313,ERCC1
314,CD22
320,NR1H4
322,ALOX5
329,MAN2B2
333,MVP
337,CLK1
338,POLR3B
342,DDX11
346,CD6
350,ZC3H3
352,ACP3
357,CCDC88C
359,ZMYND11
360,WAS
361,DPEP1
364,NPC1L1
365,XYLT2
366,RGPD8
370,CHDH
372,CLCA1
379,RUFY3
380,CNTN1
382,WWTR1
385,ATP1A2
389,PHLDB1
390,MARCO
392,PRDM11
393,SYT13
394,SNAI2
395,CD74
396,HGF
399,ADGRA2
402,SAMD4A
403,RUNX3
404,MRE11
408,SLC7A9
409,SPAST
410,NRXN3
411,OSBPL5
412,AQR
414,C8B
416,RTF2
417,GABRA1
418,NLRP2
419,SLC45A4
421,ZNF839
422,ZDHHC6
423,GRAMD1B
424,RNH1
425,NDUFS1
426,RB1CC1
428,ALAS1
429,BIRC3
430,AKAP11
432,SNAPC1
439,UBR2
440,EHD2
441,DEPDC1
444,HSF2
446,HSD17B6
451,SEC63
458,KCNG1
460,SLAMF7
463,PRKCH
464,INSRR
465,IFNGR1
467,SH2D2A
471,POU2F2
472,BRD9
476,BCLAF1
478,ANK1
481,RABEP1
483,NUP160
485,MUSK
486,IKZF2
488,FAM13B
489,ARHGAP31
493,ARID4A
496,IFT88
497,ALG1
498,ZCCHC8
501,LRRC7
502,FUT8
508,APBA2
509,MAP2K3
513,RNF19A
516,MYOC
517,SH3YL1
518,FAM136A
519,VCL
520,DEPDC1B
522,NSMAF
526,RFC1
528,CUL3
529,MYOM2
533,VAT1
535,CASR
538,FLT4
539,NSUN2
543,METTL1
546,PI4K2B
547,BOD1L1
549,TLL1
550,EDC4
551,TRIO
552,VCAN
554,MSR1
556,MTREX
557,DNAH5
559,RIPOR1
560,C6
561,RAI14
562,SOX30
565,PHLPP2
569,CTNS
572,CDH10
573,INPP4A
575,PSMA4
576,MYO16
579,TNC
581,RIPOR3
583,AIFM2
586,RETSAT
587,CAPG
589,USH2A
590,ZPBP
591,TG
592,ADAM28
594,DCUN1D1
595,JADE2
601,CUL7
602,CTNNA1
604,CNTLN
605,EPHA3
611,MAGEE1
612,PREX2
614,YTHDC2
617,POLR2B
619,ARAP2
620,TPR
621,CP
622,KATNIP
624,XK
625,ANO2
629,ARHGAP6
630,FAM184B
632,GOPC
633,ROS1
634,USP28
635,HDAC9
636,TSPAN17
641,TNFRSF17
642,SNX29
647,VPS13D
649,FAM120A
651,COL9A2
654,ADAMTS6
657,PER3
659,TNFRSF9
661,LTBP1
665,ARID1B
667,NEDD4L
672,NEXMIF
675,ARHGEF5
676,NFE2L3
679,LETMD1
680,SLC4A8
681,LAMC3
682,PTGER3
685,COL23A1
686,BCAR1
688,HERPUD1
692,PIK3CB
696,MPHOSPH9
697,PLEKHA5
700,RRP12
701,FNIP2
704,ALX4
707,METTL24
708,AKR7A2
712,MCF2L2
717,KCNQ1
719,THRAP3
722,LY75
723,ARID4B
726,PTPRN
727,HHAT
728,KIF1B
729,FOXC1
731,SYNE2
732,PLEKHH1
735,CBLN4
736,CHRDL2
740,NOP58
742,KCNH2
743,CUL1
744,FAM114A2
745,CYFIP2
749,USP36
750,KMT2C
751,MCOLN3
752,CCDC85A
755,ITIH4
756,ITIH1
758,ZFR
760,NPFFR2
761,PHF21B
768,SERPINB3
769,SOAT1
770,PKP2
771,MSH4
774,PRDM1
779,USP13
780,ATP11B
781,LAMC2
782,CDK14
785,RASGRF1
787,CROCC
788,POLR3E
789,ATP2B4
794,DGKG
796,UNKL
797,TBXAS1
806,PSD
808,YBX3
809,STYK1
810,WNK1
811,CCAR1
812,OGFR
814,CREB3L3
816,PTPRU
818,RIMBP2
819,COL11A1
820,QSER1
826,PRDM6
828,SPAG4
832,SFSWAP
833,TNK2
834,MON2
836,ARSF
837,GPBP1
839,ZNF112
840,CS
841,LTK
844,WAPL
847,POLD1
848,SEZ6
851,BICRA
856,U2AF2
858,MED29
859,AHRR
861,ZNF275
862,MTMR1
867,CASP8
868,LIMCH1
875,DMRT3
876,ST3GAL6
877,ATP2C2
878,NGFR
879,CDON
880,TAF2
887,CTSA
889,SLC12A2
891,EYA2
893,ABCA7
895,DDX20
898,BCAS1
901,SBNO2
904,CALCRL
906,ANKS1A
907,AP3D1
912,GNAI3
916,PKN2
919,NTN1
920,GLP2R
921,MCM10
922,DGKA
923,ERBB3
925,ANKRD44
926,KARS1
931,SPEN
932,MYLK
934,MAP2K4
936,SNAP91
940,GSTO2
942,PRKCQ
946,ME1
947,TBC1D1
948,CDK13
950,SLC9A7
952,YBX1
953,PDE4A
954,PPP2R5A
955,CTNNA2
957,TIE1
959,SMARCD1
961,NFYC
963,SLC9A3
965,ASPM
966,CD84
968,SPI1
970,MPPED2
972,ZBTB11
973,ATXN3
974,GOLGA5
975,FGFR2
979,TRMT11
982,KIF26A
983,ATG2B
984,ARFGEF1
986,ZFAT
988,STAG3
990,MYO9A
992,PFKP
995,KLF6
997,NEO1
999,PHKA1
1000,TNFRSF1A
1001,CACNB1
1004,PKM
1005,DHX29
1008,TP53BP1
1009,TRO
1011,RHOA
1015,IARS2
1017,NAV3
1020,PDZD4
1021,ATP2B3
1022,ROCK1
1023,CBFB
1024,PDK3
1026,HDAC4
1028,FGFR3
1032,PLEKHH3
1033,MEF2A
1034,OTUD5
1035,TFE3
1040,GRIPAP1
1045,POLR1A
1047,TTC7A
1050,SRBD1
1053,PSME4
1054,IFT80
1061,TRPC7
1062,MAST4
1063,ADGRF5
1064,SDK2
1066,NUP133
1070,BCL3
1072,ABCC9
1077,ROR1
1078,DRD4
1086,GNB5
1087,RAB27A
1088,HDHD5
1090,LRP6
1093,PHRF1
1097,PTPN3
1098,SPTB
1100,FGF10
1101,SLC44A1
1103,SMG6
1105,CLTCL1
1107,FSTL3
1108,DGCR2
1111,ZXDC
1114,ST6GALNAC1
1116,FRMPD1
1117,GBA2
1118,NDST1
1119,ASNS
1121,CNGB1
1123,CHAT
1124,PABPC1
1128,PTPN21
1134,EPHA8
1135,SLC12A3
1137,ATP2B1
1138,TRPM5
1140,MAP4K4
1145,MS4A12
1147,RPS6KA2
1155,TCF3
1157,DAZAP1
1158,MBD3
1163,CPSF1
1164,MYO3B
1166,CDH19
1168,SLC6A15
1170,PRKACA
1171,ADGRL1
1172,SPP2
1173,ACTN1
1174,ZFYVE26
1175,RPS6KA6
1178,LIMS2
1180,SPEG
1181,MPDZ
1183,TFRC
1186,AFF4
1190,SMC1A
1192,MARK2
1194,CHFR
1195,TRHDE
1196,P4HA2
1197,FCGR2B
1199,TRNT1
1200,ACADVL
1203,ACAP1
1204,CRMP1
1205,EVC
1207,SIDT1
1209,IRAG1
1211,AP1M1
1218,PANX2
1220,TP63
1221,ALPK1
1222,LLGL2
1223,PDE8A
1224,CLCN4
1226,SDHA
1227,SMARCE1
1229,GSDMB
1230,KDM5A
1231,ADAM11
1234,ABCB11
1236,CD5L
1239,MAP3K13
1242,FRY
1243,PICALM
1245,GLI2
1246,MAST1
1248,NOTCH3
1250,PPP2R2C
1253,CDHR2
1257,ATP2A3
1262,NUAK1
1263,DPP8
1264,SLC24A1
1268,HACD3
1270,ZZEF1
1271,NOX3
1272,ENO1
1273,SLC12A1
1275,ANO8
1277,ARHGEF10L
1279,WSCD2
1280,KCNQ2
1282,ACTR6
1283,TIPIN
1285,EIF4G3
1287,SEMA3A
1289,SEMA3C
1293,CELSR1
1295,ZNF638
1298,ADD2
1300,RASAL2
1301,VPS9D1
1302,ZNF37A
1304,SLC25A3
1305,FNDC3B
1309,FRYL
1310,TMEM131
1311,FSCN1
1312,ACTB
1314,PLD1
1315,ATP12A
1316,WDR62
1323,TUBA3D
1328,MCM6
1332,BAZ2A
1333,PTPN23
1334,MLH1
1336,FMO4
1340,PLXNA2
1344,ACACB
1349,NT5C2
1350,MCAM
1351,GPC4
1353,CAMSAP3
1355,XAB2
1356,ARHGEF1
1358,MAP2K7
1361,CTTNBP2
1363,RARB
1364,TOP2B
1365,TM9SF3
1366,NFKB2
1369,DNAJC10
1370,GTF3C1
1371,IL4R
1372,USP33
1373,PAK3
1375,DCX
1378,EXOSC5
1380,APBB1IP
1381,LRCH4
1386,ACTN2
1387,CAPZB
1388,GPR137B
1389,NAALAD2
1392,UBE2A
1393,FLG
1396,FBLN1
1397,ITGA8
1401,AMPH
1402,ARAF
1403,MCCC1
1404,LAMP3
1405,FAP
1406,NEBL
1410,N4BP2
1412,TULP3
1414,ADCY2
1416,RBFOX1
1417,GNB1
1418,HOXA9
1419,EDN1
1420,MLLT10
1421,ZCWPW1
1422,ADCYAP1R1
1428,PCM1
1429,TNRC6C
1430,CBFA2T2
1431,BRINP1
1432,ITCH
1436,MYH14
1437,BPIFB2
1438,TP73
1442,RUNX1T1
1443,CDH17
1446,OSBPL6
1450,SP140
1452,TNS1
1453,REXO1
1461,LIPE
1464,OPHN1
1466,KIF22
1471,DNM2
1472,EPB41L2
1473,RIMS1
1474,MOXD1
1477,KEAP1
1478,DDX43
1479,PTPRH
1482,CRYBG3
1483,EPHA6
1484,SCTR
1488,SLC4A5
1489,SMARCA2
1490,RDH8
1494,COL5A3
1495,SRCAP
1496,PUM3
1499,KCNN2
1500,CNOT4
1502,CPOX
1505,HSP90AA1
1506,RBL1
1508,IGSF9B
1513,MAGI3
1515,AFP
1516,COL4A4
1520,IMPG2
1524,MEF2C
1525,PTPRC
1526,CACNA1S
1531,ZNF510
1532,LRP2
1533,ZNF506
1539,CADPS2
1540,PCDHB4
1541,PCDHA6
1542,PCDHGA2
1544,PHLPP1
1546,IL12RB2
1548,WDR70
1549,FYB1
1553,PGR
1557,CCNT2
1558,FAM135A
1559,COL19A1
1560,EPB41L3
1562,DLG3
1563,KCNK2
1564,SERTAD4
1567,GEMIN5
1568,OPRK1
1569,NRF1
1570,SEMA5B
1571,GSK3B
1573,ERC1
1574,XPO1
1576,TRPM3
1577,PALB2
1578,DOP1A
1581,KAT6A
1582,TUT7
1583,ULK2
1584,GRHL2
1585,TNPO1
1586,PLOD1
1588,ITGAE
1589,DIS3
1590,PIBF1
1592,NUFIP1
1593,PDS5B
1594,OXCT1
1595,RRAGB
1596,EPYC
1597,CYLD
1598,SLC27A5
1599,ZNF324
1601,ZNF416
1603,ZNF446
1606,FAT1
1607,YTHDC1
1613,NOA1
1614,REST
1616,SSH1
1618,APPL2
1622,EIF3I
1623,NKAIN1
1626,APOB
1627,NCOA1
1629,EFR3B
1633,HADHA
1638,BCORL1
1639,ATRX
1643,MECOM
1646,HACE1
1648,WDR47
1650,OVGP1
1651,SLC25A24
1652,MAP3K4
1654,IGSF9
1655,ABCB1
1659,RRN3
1660,CTTN
1663,DDHD2
1664,TTC39A
1665,EPS15
1670,USP40
1672,RAD54L
1674,DNAJA1
1678,AQP6
1679,DIMT1
1681,FOLH1
1682,EIF2AK1
1683,NME8
1684,EPDR1
1685,SNX10
1691,FAT2
1697,TXLNG
1698,PPEF1
1700,HUWE1
1703,MYBPC2
1704,NOX4
1712,SRRT
1713,BAX
1714,NLK
1716,ADAMTS2
1717,TMPRSS11E
1718,ATXN7L3
1720,PSMC5
1721,UIMC1
1725,LPCAT2
1728,SH3BP2
1731,L2HGDH
1734,NID2
1735,GMCL1
1736,SF3B2
1737,KLHL42
1738,GNAS
1739,DNM1L
1741,PHACTR3
1743,TFAP2C
1745,CASS4
1748,RFX2
1749,METTL2A
1752,CNOT3
1754,PTPN4
1755,HAS1
1756,KHSRP
1757,GNA11
1758,ASAP3
1759,EDEM2
1760,DNMT3B
1761,REM1
1763,PDRG1
1764,EPB41L1
1765,SLC15A1
1766,DOCK9
1768,TGDS
1769,DOCK3
1774,ARHGAP28
1779,SMO
1780,SIGLEC1
1783,SLC4A11
1785,ZNF343
1786,EBF4
1788,MAVS
1789,LZTS3
1790,F11
1791,XRN2
1797,SIRPG
1798,MAPKAPK5
1800,ESF1
1802,ANAPC5
1805,TMEM230
1806,DZANK1
1807,KDM2B
1808,CFAP61
1812,GCN1
1813,RPLP0
1814,PXN
1816,RPH3A
1817,KIF16B
1819,CHGB
1824,NOS1
1825,FUS
1829,GRAMD1A
1830,FXYD3
1831,HEPH
1834,ELK1
1835,GANAB
1837,RBM41
1845,ARHGAP4
1846,ANKRD24
1850,LTBP4
1852,SLC9A1
1854,PAPOLA
1855,CCNK
1864,STRN4
1869,TFAP4
1874,P3H2
1875,TPO
1876,CHRD
1878,RAB11FIP3
1880,ZNF268
1881,GOLGA3
1882,PABPC4
1883,CD209
1885,MCOLN1
1886,USP48
1888,PDPR
1890,GLG1
1892,TNRC6A
1893,PLEKHG2
1894,DLL3
1896,PITPNM2
1898,RBM27
1899,POU4F3
1900,OSBPL8
1902,NLRC4
1903,PUS7
1904,LAMB4
1905,NRCAM
1906,LAMB1
1908,SLC26A3
1910,WDR7
1913,ABCC6
1916,RAPGEF4
1919,FH
1920,SEL1L3
1921,TF
1923,MYO15A
1926,NLRP1
1927,PITPNM3
1930,ZFHX4
1931,SLC17A6
1933,ZC3HC1
1934,ESR1
1936,ANGPT2
1938,CD200
1939,CCDC80
1942,PPP2R3C
1943,HAUS4
1950,RNF31
1952,G2E3
1953,HECTD1
1955,RPGRIP1
1963,SEMA6A
1964,TRPM7
1965,TYRO3
1969,TBX15
1971,COL9A3
1972,EZR
1976,CLSPN
1978,UNC13D
1980,DPYSL2
1984,CDC45
1990,XYLB
1991,HDAC6
1994,KRT31
2001,SUCO
2002,MSH2
2003,MAP3K1
2011,PTGS1
2012,NUP188
2013,CRAT
2021,BTAF1
2024,TLL2
2026,TDRD1
2027,SORBS1
2028,CRTAC1
2031,MYO3A
2032,WAC
2035,TPSD1
2037,HIVEP1
2040,CRISP3
2042,SRPK1
2043,BRPF3
2045,PGC
2046,TMEM14A
2049,HSP90AB1
2052,ITPR3
2054,DSP
2058,JAK2
2060,ABL1
2062,SH3GLB1
2063,CDC7
2064,SYDE2
2065,PCSK5
2071,NRP1
2072,PRTFDC1
2074,TSPAN15
2076,WASHC2A
2077,MAST3
2078,MZF1
2080,MYO9B
2082,CATSPERG
2087,SETD1A
2097,HNRNPM
2105,CEP170B
2107,POLRMT
2109,CDHR5
2111,RASSF7
2113,PALM
2114,MADCAM1
2115,MKNK2
2116,ARVCF
2117,TRMT2A
2123,SNAP29
2125,LZTR1
2127,CECR2
2128,SMARCB1
2129,P2RX6
2132,BCL2L13
2137,CABIN1
2139,SUSD2
2141,GGT5
2146,PPIL2
2151,MAPK1
2152,GGT1
2154,PPM1F
2156,TOP3B
2162,CIC
2163,GRK3
2169,SEZ6L
2175,PATZ1
2176,TRIOBP
2177,TFIP11
2184,MICALL1
2188,DEPDC5
2189,PICK1
2190,TTC28
2191,SLC16A8
2193,SEPTIN3
2195,SLC5A4
2197,CYP2D6
2198,DDX17
2199,DMC1
2200,TCF20
2204,RSPH14
2210,POLDIP3
2213,PPP6R2
2214,SBF1
2215,SUN2
2225,AP1B1
2227,TOM1
2228,NEFH
2233,THOC5
2235,APOBEC3H
2239,TTLL12
2240,CBX7
2241,PDGFB
2246,RBFOX2
2250,MTMR3
2253,PNPLA5
2255,PNPLA3
2256,MYH9
2257,CACNA1I
2258,SAMM50
2261,GRAP2
2263,TNRC6B
2264,SGSM3
2269,CSF2RB
2277,EP300
2283,ACO2
2288,CERK
2289,BRD1
2290,ZBED4
2293,KCNK10
2295,KHNYN
2297,SDR39U1
2298,CTSG
2299,GZMH
2300,GZMB
2301,RBM23
2307,SOS2
2309,NIN
2310,PYGL
2311,TRIM9
2325,TIMM9
2328,TMED8
2331,DAAM1
2334,RIN3
2337,SNW1
2339,ITPK1
2344,ASB2
2345,CEP128
2347,HIF1A
2348,SUSD6
2351,EIF5
2352,SERPINA4
2353,SLC8A3
2354,DICER1
2357,TCL1A
2359,TELO2
2360,PCNX1
2361,BDKRB1
2365,PAPLN
2366,RPS6KA5
2370,YY1
2371,ACIN1
2372,CCNB1IP1
2373,TRIP11
2377,ARHGAP5
2378,CINP
2380,SRP54
2382,CHD8
2383,PCK2
2385,DCAF11
2387,NFKBIA
2388,EMC9
2395,PNN
2397,NFATC4
2399,PCIF1
2401,MMP9
2404,PYGB
2406,PROCR
2408,NINL
2410,UQCC1
2411,ZMYND8
2414,MYBL2
2415,R3HDML
2416,HNF4A
2420,NFATC2
2421,RIMS4
2423,STK4
2424,SALL4
2425,ADNP
2427,DOK5
2428,CSTF1
2429,BMP7
2436,TUBB1
2442,NTSR1
2445,DIDO1
2447,SLC17A9
2452,COL20A1
2453,CHRNA4
2455,PTK6
2456,GMEB2
2464,SEL1L2
2465,TRIB3
2467,CSNK2A1
2472,PROKR2
2474,SNPH
2475,MYLK2
2476,SIRPB1
2479,HAO1
2480,PDYN
2482,PLCB4
2484,HCK
2485,TM9SF4
2487,CRNKL1
2489,SAMHD1
2490,PAK5
2497,JAG1
2499,SNTA1
2501,TTI1
2502,E2F1
2503,RPRD1B
2508,SLC32A1
2519,DHX35
2522,SYNDIG1
2528,ZNF516
2529,CDH7
2532,USP14
2536,SMCHD1
2537,MYOM1
2539,CEP76
2540,ST8SIA5
2541,CEP192
2543,SMAD7
2544,LIPG
2545,LAMA1
2547,ANKRD12
2548,NOL4
2550,MIB1
2551,RBBP8
2555,MXRA5
2563,POLA1
2564,MID1
2565,NKAP
2568,GUCY2F
2571,ALG13
2573,TLR8
2576,CHRDL1
2581,GLRA2
2583,STAG2
2584,ATP11C
2585,MCF2
2587,ABCD1
2589,CACNA1F
2597,ELF4
2598,SMARCA1
2599,MTMR8
2600,ASB9
2601,ZC3H12B
2602,RBBP7
2604,KCND1
2607,FMR1
2608,PIM2
2609,SCML2
2618,GATA1
2621,PHEX
2625,GPR50
2630,PCYT1B
2633,VGLL1
2636,KLHL4
2637,GABRE
2638,PCDH11X
2639,FGD1
2642,ITIH6
2647,SYTL4
2657,NALCN
2658,FGF14
2659,HTR2A
2661,TNFSF13B
2665,CAB39L
2666,KLF5
2670,UGGT2
2671,ARHGEF7
2673,SGCG
2674,PARP4
2675,SUPT20H
2676,MRPS31
2677,ORC1
2679,FLT1
2681,VWA8
2682,DGKH
2685,CAD
2688,TSC22D1
2691,MSLN
2692,MGRN1
2694,TRADD
2704,NUP93
2707,NFAT5
2708,LONP2
2709,N4BP1
2710,CBLN1
2713,ZNF423
2717,CTCF
2718,ACD
2722,MMP15
2730,SETD6
2734,TANGO6
2737,SLC7A6OS
2742,WDR59
2743,MON1B
2745,AXIN1
2747,NPRL3
2749,MPG
2750,NECAB2
2759,TSC2
2761,NME4
2762,ABCC1
2768,CLCN7
2776,NUBP1
2777,UBE2I
2779,MEFV
2781,EEF2K
2783,PIEZO1
2784,GSPT1
2785,ZNF174
2792,AQP8
2793,CPPED1
2794,USP31
2799,SALL1
2801,RBL2
2803,XYLT1
2805,RPGRIP1L
2806,MAZ
2810,KAT8
2811,NOMO1
2812,IL21R
2813,SYT17
2814,TMC5
2817,SLC6A5
2818,RNF40
2821,AAGAB
2826,HERC1
2830,AP3B2
2832,IGDCC4
2833,RAB11A
2838,CEMIP
2839,RPAP1
2842,TMEM87A
2843,ZNF106
2844,CEP152
2845,ATP8B4
2846,OCA2
2847,DTWD1
2851,TJP1
2853,DMXL2
2854,SCG3
2857,SPG11
2863,MYEF2
2864,SGK2
2865,PDGFRL
2869,TRIM35
2872,CA2
2876,EYA1
2878,TRPA1
2879,CPQ
2880,DECR1
2888,IKBKB
2889,PLAT
2890,JPH1
2895,EIF3E
2896,EMC2
2897,ESRP1
2898,CCN4
2899,NDRG1
2904,TRPS1
2909,GML
2910,UBR5
2919,ERI1
2928,PPP2CB
2929,ERICH1
2930,NEFM
2931,TUSC3
2932,ARHGEF10
2934,MCM4
2935,ADAM2
2940,MAN2B1
2941,IK
2945,GYS1
2953,TUBB4A
2958,RELB
2959,CLASRP
2965,ARHGEF18
2966,PPP1R13L
2968,MAG
2969,DOT1L
2978,LYL1
2984,DMPK
2986,RSPH6A
2988,IL4I1
2993,NOVA2
2995,LILRB1
2996,MED25
2997,LILRA1
3000,TIMM44
3002,IL27RA
3011,RASAL3
3012,AKAP8
3014,ILVBL
3015,ZNF419
3016,SYDE1
3017,CASP14
3021,CCNE1
3024,ANKRD27
3027,LGALS13
3029,DYRK1B
3033,AKT2
3034,PLD3
3035,PRX
3036,PIAS4
3046,ZFR2
3047,SLC1A5
3048,PRKD2
3049,TJP3
3050,APLP1
3051,CACTIN
3053,HNRNPUL1
3054,CDH1
3057,DENND3
3063,SIGLEC8
3064,CD79A
3068,NOP53
3070,ICAM5
3071,ETFB
3073,CEACAM5
3074,CRX
3077,SULT2A1
3080,RABAC1
3081,ATP1A3
3083,PTPRS
3086,MEGF8
3088,CYTH2
3090,GRIN2D
3091,SYNGR4
3094,CARD8
3096,SIGLEC6
3107,RASIP1
3111,MIER2
3112,PLEKHA4
3113,PPP2R1A
3114,TNPO2
3117,GCDH
3120,DNASE2
3125,JAK3
3130,PIK3R2
3131,RAB3A
3134,ELL
3135,CRTC1
3138,COPE
3141,ATP4A
3148,USF2
3149,LSR
3151,FKBP8
3153,HPN
3154,ZNF14
3157,ERF
3159,ATP13A1
3161,GRIK5
3162,SIPA1L3
3163,ZNF85
3168,RUNDC3B
3171,RASA4
3172,CDK6
3175,TFPI2
3179,PIK3CG
3180,PON3
3182,ITGB8
3185,SP4
3187,DNAH11
3189,DLX5
3191,STEAP1B
3192,PTN
3195,ATP6V0A4
3198,OGDH
3200,ADAP1
3201,TFEC
3213,LFNG
3214,HOXA5
3215,HOXA6
3216,BRAT1
3217,IQCE
3219,VIPR2
3220,TSPAN12
3222,HOXA13
3224,EVX1
3225,HIBADH
3226,TAX1BP1
3229,GRB10
3231,COBL
3233,PLEKHA8
3235,NOD1
3238,EPHB6
3239,MINDY4
3244,HSPB1
3245,NPTX2
3247,BUD31
3248,PTCD1
3254,PTPRZ1
3261,FSCN3
3263,PAX4
3264,PCOLCE
3266,PPP1R17
3268,USP42
3278,ZNHIT1
3280,NOBOX
3281,GLCCI1
3286,EZH2
3288,ZNF862
3289,SFRP4
3294,POU6F2
3297,AGR2
3298,AHR
3299,CHCHD3
3302,GLI3
3306,BLVRA
3310,PRKAG2
3311,AEBP1
3312,POLD2
3318,GALNT15
3319,CLIP2
3327,CNTNAP3
3331,PRUNE2
3332,MEGF9
3335,TGFBR1
3337,C5
3344,SUSD1
3346,AKNA
3347,TNFSF8
3356,RIC1
3358,DOCK8
3359,KANK1
3360,ELAVL2
3363,KCNT1
3364,CA9
3366,TYRP1
3374,GLIS3
3375,BAG1
3376,RAPGEF1
3378,APBA1
3379,SETX
3382,ABCA2
3383,SHB
3388,DVL1
3391,DNTT
3392,GATA3
3393,ATRNL1
3397,DNMBP
3399,CXCL12
3402,PKD2L1
3403,CUBN
3405,DDX50
3412,UNC5B
3413,CDH23
3419,BMPR1A
3420,MINPP1
3423,TLX1
3427,KAZALD1
3428,FBXW4
3431,TNKS2
3433,GBF1
3434,ARHGAP21
3435,CPEB3
3438,SUFU
3439,ANKRD26
3440,ACBD5
3444,EDRF1
3445,BCCIP
3447,NEURL1
3448,SH3PXD2A
3449,PITRM1
3451,MAP3K8
3453,EBF3
3455,SORCS1
3456,TASOR2
3457,XPNPEP1
3458,SMC3
3461,CCDC6
3466,ZMIZ1
3468,PPIF
3471,LGI1
3472,TBC1D12
3473,CYP2C18
3478,RPL19
3481,UBTF
3484,CASC3
3486,RGS9
3487,RNF43
3492,MTMR4
3493,TRIM37
3495,DHX40
3497,TUBD1
3498,KPNB1
3508,CAMTA2
3509,MED13
3512,PFN1
3514,SLC25A11
3517,RAI1
3520,SLC6A4
3522,CPD
3523,GOSR1
3526,DRG2
3527,FTSJ3
3528,AKAP10
3529,ALDH3A1
3535,DDX5
3538,PSMD11
3539,LGALS3BP
3540,ASIC2
3545,PEX12
3547,DHX58
3548,KAT2A
3553,CNTNAP1
3554,ABI3
3558,COL1A1
3560,AARSD1
3566,HDAC5
3567,ABCC3
3570,DLG2
3571,SMURF2
3574,EFTUD2
3575,HLF
3577,PRKAR1A
3579,FAM20A
3580,YWHAE
3583,DPH1
3586,WSB1
3587,RCVRN
3588,MYH1
3590,MYH3
3594,TNFAIP1
3597,CDR2L
3598,SP110
3601,ALDOC
3602,SUPT6H
3605,PHOX2B
3607,GABRA4
3608,GNRHR
3610,OCIAD1
3611,UGT2B10
3612,CWH43
3615,SULT1E1
3620,CRACD
3623,NFKB1
3624,AREG
3631,TBC1D9
3633,INPP4B
3635,KLHL2
3636,IL2
3643,FRG1
3644,CLCN3
3650,CPZ
3653,FBXW7
3655,TBC1D19
3656,CLNK
3657,NSD2
3658,SH3D19
3662,GLRB
3664,RAPGEF2
3665,HGFAC
3666,SNX25
3667,LRP2BP
3669,KLF3
3672,NCAPG
3673,UGDH
3674,PPARGC1A
3681,ZBTB16
3684,MTCH2
3685,FNBP4
3686,TECTA
3687,SC5D
3689,JHY
3690,B3GAT1
3691,HSPA8
3693,VWA5A
3699,ATG2A
3700,EHD1
3702,UNC93B1
3703,PUS3
3705,KMT5B
3707,PPP6R3
3708,NRXN2
3709,MS4A6A
3710,MS4A4A
3712,CPT1A
3713,CCND1
3715,PRPF19
3717,CCKBR
3724,PANX1
3725,ARHGEF17
3730,ZNF230
3733,IL10RA
3734,GALNT18
3737,DDX6
3739,CBL
3741,HIPK3
3742,KIAA1549L
3747,SLC15A3
3749,ACCS
3753,MADD
3756,CARS1
3765,PITPNM1
3768,NUP98
3770,TCIRG1
3772,EXPH5
3775,POU2AF1
3777,VWF
3778,PSMD9
3780,PPFIBP1
3783,PRDM4
3786,SELPLG
3788,ASIC1
3795,MVK
3802,SYT10
3803,BCL7A
3804,RSRC2
3806,MYF6
3807,MYF5
3808,LIN7A
3809,KRT18
3810,ACSS3
3812,GLI1
3814,METAP2
3817,SLC6A12
3824,PRMT8
3832,CUX2
3833,SH2B3
3837,DUSP16
3838,CREBL2
3839,ACAD10
3840,ALDH2
3841,CDKN1B
3843,NAA25
3845,SCNN1A
3849,OAS3
3850,OAS2
3853,RASAL1
3858,SLC38A1
3863,FZD10
3865,STX2
3866,ADGRD1
3872,RAB5B
3873,MDM1
3874,NUP107
3875,CNOT2
3876,TIMELESS
3880,GAPDH
3882,CHD4
3893,SPSB2
3895,ATN1
3897,PTPN6
3899,NT5DC3
3900,SLCO1B3
3901,APOBEC1
3906,LDHB
3909,HCFC2
3911,CLEC4A
3915,PHC1
3923,COL12A1
3924,BTN3A3
3927,DSE
3928,RWDD1
3929,RSPH4A
3930,MAK
3931,TMEM14C
3937,ADTRP
3939,MCM9
3942,MAN1A1
3943,GABRR2
3948,NCOA7
3949,RIPOR2
3950,SASH1
3953,FBXO5
3954,MTRF1L
3956,OPRM1
3957,FANCE
3959,SLC26A8
3962,KCTD20
3964,SRSF3
3968,MCM3
3970,PHACTR1
3971,MDGA1
3974,CD83
3975,MDN1
3976,GLP1R
3978,BMP5
3979,BACH2
3980,RBM24
3988,GPR63
3989,KHDRBS2
3990,FBXL4
3993,E2F3
3995,SIM1
3996,ASCC3
3999,COL9A1
4000,MED23
4002,GPLD1
4004,CRYBG1
4005,VNN1
4013,EYA4
4018,HBS1L
4024,ARFGEF3
4026,HECA
4027,ADGRG6
4033,UNC93A
4038,QKI
4040,PDE10A
4042,TFEB
4044,CCND3
4046,FAM120B
4047,TBP
4053,PTK7
4054,SRF
4055,CUL9
4057,DUSP22
4058,EXOC2
4060,TMEM30A
4062,SENP6
4064,VEGFA
4065,PRPF4B
4066,TTK
4067,SLC29A1
4069,BTN2A1
4070,LAMA4
4071,TENT5A
4074,ENPP5
4076,PRSS16
4077,MEP1A
4079,ERBIN
4080,PCDHB2
4082,NUDT12
4085,SEMA5A
4087,POLK
4088,GHR
4092,BRD8
4093,KIF20A
4094,NNT
4100,SLC4A9
4101,LOX
4103,CDH9
4105,TMCO6
4106,SPARC
4108,HMGCR
4112,PCDHB3
4113,PCDHB5
4114,PCDHB6
4115,PCDHB7
4120,GRM6
4121,ITK
4126,THBS4
4129,BTNL8
4130,TTC1
4131,MSH3
4132,RASGRF2
4133,GABRG2
4136,DROSHA
4137,CDH6
4142,NPR3
4144,SLC27A6
4145,TARS1
4146,IRX4
4148,PDE4D
4152,PRLR
4153,SLC12A7
4155,RAD50
4157,ST8SIA4
4161,NUP155
4164,NR3C1
4167,LIFR
4170,C9
4171,SEC24A
4177,TCERG1
4178,DPYSL3
4183,PDGFRB
4184,CDX1
4187,STC2
4188,CPEB4
4192,UNC5A
4194,CNTN3
4195,SMC4
4197,ACTR8
4201,KNG1
4202,HRG
4203,BCL6
4204,HGD
4207,NPHP3
4208,CD86
4209,AMOTL2
4210,NIT2
4213,KPNA1
4215,UBE3A
4216,ARMC8
4219,RBP1
4224,XRN1
4226,BCHE
4227,SERPINI2
4229,LRRC31
4232,COL7A1
4234,PRKAR2A
4236,USP4
4237,ACAP2
4240,GNAI2
4241,TFG
4242,USP9Y
4245,NPRL2
4250,CBLB
4251,BBX
4254,HHLA2
4256,GBE1
4257,MORC1
4258,UMPS
4265,PLXNA1
4266,ATP6V1A
4268,PODXL2
4272,SCAP
4273,EFCC1
4274,CFAP92
4284,GORASP1
4285,PEX5L
4287,ABCC5
4292,ARHGEF26
4293,KLHL24
4294,PLCH1
4296,DNAH1
4300,NKTR
4301,CLCN2
4302,FOXP1
4303,EIF4G1
4305,NEK4
4306,SLC4A3
4309,ADAM23
4310,DGUOK
4311,MOB1A
4312,KANSL3
4314,RTKN
4318,PIKFYVE
4330,TP53I3
4332,POMC
4334,OTOF
4335,GPD2
4336,CENPA
4337,CYTIP
4338,ACVR1
4339,TANC1
4340,SLC30A3
4345,ITGB6
4347,ITGA4
4349,SNX17
4352,PDE1A
4354,PCSK4
4357,IFIH1
4358,RPS15
4361,MOGS
4363,NDUFS7
4366,CLIP4
4368,SPTBN1
4369,AUP1
4370,RTN4
4371,HTRA2
4372,LOXL3
4377,CCDC88A
4384,REG1A
4386,FN1
4387,STAT1
4388,GLS
4390,DNAH6
4393,IGFBP2
4396,USP34
4400,GGCX
4401,NEU2
4402,EHBP1
4413,KDM3A
4414,PLCD4
4416,ZNF142
4419,SMYD1
4420,IL1R1
4422,IL1RL2
4423,IL1RL1
4425,IL18RAP
4433,SLC5A7
4434,HDLBP
4436,PASK
4440,ID2
4444,BIRC6
4448,STRN
4449,CEBPZ
4450,PRKD3
4453,RAB3GAP1
4455,RMDN2
4457,LCT
4459,SRSF7
4460,SDC1
4461,PLCL1
4462,SLC1A4
4463,SOS1
4464,KYNU
4465,WIPF1
4467,SCAF1
4475,TRAK2
4476,C2orf42
4480,EPAS1
4484,GRIN3B
4486,ATP6V1B1
4487,NFE2L2
4488,MSH6
4491,EPHA4
4492,PARD3B
4494,ALMS1
4495,BCL9
4496,PRRX1
4498,DNAJC16
4499,MARK1
4500,TNR
4504,SCP2
4506,PAPPA2
4507,RALGPS2
4509,CEP104
4514,WRAP73
4518,RPL22
4521,STXBP3
4523,ERRFI1
4525,ELAPOR1
4528,SRSF4
4539,SCAMP3
4541,ASH1L
4542,DLGAP3
4543,SFPQ
4544,RHOU
4545,GON4L
4546,ARHGEF2
4549,DOCK7
4550,SRM
4556,DNAJC6
4557,LEPR
4558,IVNS1ABP
4560,MFN2
4561,PRG4
4563,SMG7
4567,PLA2G4A
4569,PRAMEF1
4570,PRAMEF12
4572,PRDM2
4576,AMPD1
4584,CFHR3
4589,CD58
4591,CD2
4592,TTF2
4594,KIF21B
4596,ADPRS
4604,TSNAX
4606,RRAGC
4607,NID1
4609,NT5C1A
4611,MTR
4613,MYCL
4614,SIPA1L2
4615,ZP4
4616,RLF
4619,KCNQ4
4620,RIMS3
4621,AKT3
4622,ETV3
4627,ADGRL2
4628,PADI2
4629,SDHB
4631,RPF1
4632,KDM5B
4636,RGS4
4638,IGSF21
4641,PLA2G2D
4642,RBBP5
4645,KIF17
4653,ID3
4654,CR2
4662,MPL
4663,NBN
4668,PTCH2
4669,AKR1A1
4671,PIK3R3
4673,BLZF1
4674,CCDC181
4682,PRRC2C
4691,DARS2
4693,IRF6
4694,UTP25
4696,PLPPR4
4697,SERPINC1
4705,MAN1C1
4707,RPS6KA1
4711,PROX1
4712,ARID1A
4713,CENPF
4718,SLC5A9
4720,TXNDC12
4721,ESYT2
4724,RCN2
4726,MUC5B
4731,STK11
4732,KMT2A
4737,ZNF541
4738,SLC8A2
4741,KIF14
4744,CAMSAP2
4751,CREB1
4752,KLF7
4756,CA14
4759,ATP10B
4763,FILIP1
4770,SGIP1
4771,PHF3
4773,ADGB
4774,PLAGL1
4776,TNFAIP3
4779,MYB
4781,SGK1
4786,PMFBP1
4789,SLC16A7
4791,ZNF430
4795,FOXO3
4802,PKD2
4803,ABCG2
4804,SPP1
4809,RAB3GAP2
4811,PPL
4812,UBN1
4815,PCDH17
4819,CCND2
4822,DNAH7
4826,SATB2
4828,TRPM6
4831,TJP2
4834,CPSF3
4835,PIGZ
4836,SENP5
4838,C1orf198
4840,HEATR1
4843,FKBP15
4844,CTNNAL1
4847,SET
4849,GLE1
4850,RAB14
4851,CNTRL
4852,TRIM32
4857,PPP6C
4859,HDHD3
4862,HSDL2
4864,NR4A3
4869,CSF3R
4870,KDSR
4872,ONECUT2
4875,YLPM1
4880,PGF
4882,BBOF1
4883,NEK9
4888,IRF2BPL
4889,ACOT2
4890,LTBP3
4891,AREL1
4892,MLH3
4893,TTLL5
4897,PPP4R4
4899,ZC2HC1C
4902,ALDH6A1
4904,ESRRB
4906,NRDE2
4907,COQ6
4909,RHOQ
4913,DNMT3A
4915,ATAD2B
4917,ATL2
4924,BCL11A
4927,SLC17A5
4930,IDE
4933,IFIT3
4934,NKX2-3
4936,GPAM
4937,CUTC
4944,HELLS
4945,PRLHR
4949,WDR11
4950,ARMH3
4951,KCNIP2
4954,CPN1
4957,GNA13
4959,KANSL1
4962,HOXB3
4965,PANK3
4966,MSX2
4967,TEK
4968,RCL1
4970,EQTN
4972,RIF1
4975,CD274
4976,IFNA6
4978,GRIA2
4982,CCDC170
4983,PCMT1
4984,PLEKHG1
4985,MYCT1
4986,TASL
4987,MAGEB4
4989,WDR55
4990,ARAP3
4991,PCDHB8
4992,PCDHB10
4993,PCDHB14
4994,PCDHB12
4996,TNN
4999,TNFSF18
5005,TTLL2
5006,SNX19
5007,KCNJ5
5010,TEX11
5019,PLXDC2
5027,SOHLH2
5032,ELF1
5033,SMAD9
5035,KBTBD7
5040,FAM53C
5044,KDM3B
5045,EGR1
5048,ZFP30
5049,NR2C1
5050,UTP20
5058,APAF1
5061,TNFRSF10B
5063,PTK2B
5065,ADRA1A
5070,NPPB
5073,TNFRSF8
5074,PRAMEF2
5077,CRISPLD1
5078,COPS5
5080,EPX
5083,TRIM25
5084,SCPEP1
5085,SPOP
5089,TEX14
5090,FAM117A
5091,NCAPH
5093,TMEM131L
5096,ABCC11
5097,TENT4B
5098,ADCY7
5099,CEP89
5100,TSHZ3
5104,TAS2R10
5108,KCNJ8
5112,PSPC1
5113,ZNF549
5115,ZSCAN18
5116,ZNF211
5117,PDZRN3
5121,TRMT1L
5124,DPPA4
5126,B4GALT4
5130,GJA8
5137,PILRB
5138,ZMYM2
5140,GJA3
5141,TBC1D15
5142,ADGRB2
5144,ZCCHC17
5152,TNFSF10
5154,SLITRK3
5155,PIK3CA
5156,PDS5A
5159,CPXM2
5161,ZSCAN20
5162,CSMD2
5164,LRIF1
5165,TMIGD3
5168,GTDC1
5169,CXCR4
5170,ZRANB3
5171,ACVR2A
5172,POLQ
5174,FLT3
5178,RASL11A
5182,XPNPEP2
5184,OCRL
5188,TBX22
5192,PLG
5194,COPA
5196,LY9
5197,HS3ST2
5198,RBBP6
5203,LDB3
5204,OPN4
5205,SHLD2
5207,ZNF205
5209,RPL5
5212,SPATA1
5214,LRRC39
5216,ZNF644
5217,CCDC18
5219,SLC66A2
5220,BBS9
5221,PMS2
5227,HERPUD2
5229,HNRNPA2B1
5230,WIPF3
5235,INHBA
5237,NT5C3A
5245,GLIPR2
5250,TAF1L
5255,CNTFR
5256,KIAA1549
5257,TRIM24
5260,AKR1D1
5266,CHST3
5267,BICC1
5269,EGR2
5271,P4HA1
5275,RBM19
5276,CIT
5278,ACADS
5279,HVCN1
5281,MED13L
5282,CDKN2C
5286,SSPN
5287,ITPR2
5288,CCDC91
5289,NECAB1
5290,WWP1
5294,PKN1
5296,ADGRE5
5303,ATP7B
5304,ZC3H13
5305,NLN
5307,OPTN
5308,ITIH5
5309,ATF1
5311,NEUROD4
5312,ARHGAP9
5313,NCKAP1L
5316,SPATS2
5320,HOXC13
5323,HOXC11
5325,NFE2
5329,TUBA1B
5331,KBTBD4
5332,SARDH
5333,DBH
5335,STIL
5336,HJURP
5337,IL13RA2
5347,NRK
5348,FAM199X
5349,ESX1
5350,MAGEA9
5354,TTC21B
5356,TNFAIP6
5358,BAZ2B
5359,SLC36A1
5364,RAP2C
5370,C4BPA
5371,C4BPB
5372,RAB38
5373,GPR83
5375,MXD4
5377,DAW1
5378,ACSL3
5379,CHPF
5380,DNPEP
5381,INHA
5383,OBSL1
5384,FAM124B
5385,SLC12A4
5389,CTCFL
5393,FAM209A
5398,PREX1
5400,SLC12A5
5401,ARHGAP40
5402,SDC4
5403,NCOA3
5407,NCOA5
5409,PARD6B
5411,CHD6
5412,PLCG1
5414,SRSF6
5417,ARFGEF2
5418,ZNFX1
5419,ZNF831
5420,EDN3
5421,CSE1L
5426,CDH26
5428,MOCS3
5429,STX16
5430,STAG1
5433,DDX27
5435,SEMG1
5438,KCNK15
5440,PCK1
5443,MAGEA10
5447,CHST8
5448,IQSEC2
5457,MPHOSPH10
5458,IL17C
5459,ATP8A1
5461,POF1B
5465,ZNF45
5467,PSG8
5468,CEACAM8
5469,NDP
5470,USP9X
5472,F13A1
5473,GRM4
5474,TRERF1
5481,BTN1A1
5486,XPO5
5487,ABCC10
5488,H1-3
5489,PEX6
5498,MOCS1
5509,DNAH8
5512,KLHL31
5513,COL21A1
5518,KCNK17
5519,RREB1
5521,RIOK1
5524,RPP40
5525,ATXN1
5526,NUP153
5527,DEK
5537,TRIM51
5538,MYRF
5541,AHNAK
5544,WNT1
5546,CNOT1
5551,GOT2
5553,PIWIL1
5556,TMTC4
5558,SLC10A2
5559,ABCC4
5560,EFNB2
5561,SOX21
5562,TM9SF2
5565,IRF1
5575,FAM193A
5577,SOX9
5579,MYH2
5586,SLC25A19
5590,TTF1
5594,KIR2DL1
5604,IL1B
5606,IL37
5608,PAX8
5611,CCDC93
5612,PSD4
5613,APC2
5619,GRIA3
5620,THOC2
5621,MED1
5625,CD70
5626,C3
5627,SH2D3A
5630,TNFSF14
5636,VASP
5637,SYMPK
5641,TGM3
5642,GNRH2
5644,FOXA2
5645,CD93
5651,CENPB
5655,CSTL1
5661,NRSN2
5663,RRBP1
5664,BMP2
5665,ZNF133
5666,FLRT3
5668,PCSK2
5671,BFSP1
5674,MSL1
5681,MCM8
5683,TMEM74B
5693,MAX
5700,RALY
5706,FAM83C
5708,CEP250
5710,MMP24OS
5712,KDM5C
5713,AMOT
5716,AGO3
5720,HECTD3
5723,TUBGCP3
5724,MCF2L
5725,F10
5727,PROZ
5728,SLURP1
5730,IGFLR1
5731,CAPNS1
5735,KIRREL2
5736,UBA2
5743,CCR7
5744,NR1D1
5745,FRMD8
5747,BCL2L12
5749,PRMT1
5753,PRR12
5757,SBDS
5761,STAT5A
5762,WNK4
5764,PRKCG
5767,NSRP1
5769,AHDC1
5770,IFI6
5771,DACH2
5772,ZNF384
5774,SSX1
5775,SKP2
5780,ATG14
5781,KTN1
5782,SIX1
5784,DLGAP5
5790,PLEKHG3
5791,PZP
5793,RHOT1
5796,DYNC2I1
5797,AIF1L
5799,NUP214
5801,AVPR2
5803,MAP2K2
5810,INTS11
5811,RGS13
5813,ZNF484
5816,HIVEP3
5819,BCL11B
5822,ABHD8
5823,MASP1
5824,ATP13A4
5827,RAP1B
5832,PTPRB
5840,TRPV5
5841,IDUA
5843,TMEM175
5849,UBR4
5851,ADGRE2
5852,SIN3B
5854,SLC35E1
5856,KLF2
5860,UQCR11
5863,PKMYT1
5864,WFIKKN1
5869,MACF1
5870,SMARCA4
5872,TICAM1
5880,AAMP
5883,RNF6
5885,ZNF835
5886,AKAP9
5890,HIP1
5892,POR
5896,GNAI1
5897,PEX1
5901,CASD1
5902,ZNF780B
5904,ZFP36
5909,KDR
5911,TUBGCP6
5914,DGCR8
5918,GAL3ST1
5921,RFPL2
5923,MGAT3
5924,ADORA2A
5926,A4GALT
5928,CDC42EP1
5932,BAIAP2L2
5936,APOL5
5939,RAC2
5940,LIF
5944,RIBC2
5945,KRT17
5947,RNF112
5949,CPA3
5950,DOCK4
5951,POT1
5955,CDHR3
5956,PRKRIP1
5958,PODXL
5959,FOXP2
5960,STRIP2
5962,MKLN1
5964,FLNC
5966,CALU
5971,KLHDC10
5973,FEZF1
5974,OPN1SW
5976,MYO1B
5980,PDE11A
5982,GAD1
5988,HOXD11
5989,HOXD13
5990,HERC2
5991,SNRPN
5994,ARHGAP22
5995,WDFY4
5996,EIF2AK4
5997,MYO5C
6000,TTBK2
6003,INO80
6005,DLL4
6008,IVD
6009,KNSTRN
6014,VPS13C
6019,ACKR4
6022,COPB1
6025,PALLD
6028,MYOD1
6029,SERGEF
6030,KCNC1
6031,TPH1
6033,E2F8
6038,USP6
6040,PLD2
6041,AIPL1
6045,FXR2
6048,PHF20L1
6050,CCNT1
6054,SLC44A2
6059,SIGLEC9
6060,KLK10
6064,ADCY4
6067,AJUBA
6070,HEATR5A
6071,FOXA1
6084,ITFG1
6085,QRICH2
6087,SEC14L1
6092,FGF13
6095,ART1
6111,ABHD17A
6115,CBFA2T3
6119,PHF10
6121,GALNT8
6122,KCNA5
6125,STARD8
6127,GDPD2
6129,GNL3L
6132,DOCK6
6134,LDLR
6141,ZSCAN10
6144,APOE
6148,LRCH2
6149,DPP6
6150,XPO7
6155,ATP8B3
6157,NCAN
6158,KIF1A
6159,GTPBP3
6163,NSUN5
6164,USHBP1
6168,PGLS
6170,TULP4
6178,MLLT1
6181,AFDN
6183,STK33
6187,CACNG6
6188,ZSWIM6
6189,FCHO1
6190,UNC13A
6191,MAP1S
6192,KLHDC7B
6193,PXDN
6195,GDF15
6197,IQCN
6199,JUND
6200,HRC
6201,TRPM4
6206,OLFM1
6207,CAMSAP1
6208,UBAC1
6210,ZBTB46
6211,HELZ2
6214,TNNT3
6216,COL5A1
6218,TUBGCP2
6220,CYP2E1
6221,PNPLA7
6223,PAK4
6225,ZNF337
6227,TAF4
6228,GATA5
6230,LAMA5
6238,FIBCD1
6241,TRIM28
6248,NPAS1
6250,MAP3K10
6253,SESN2
6258,CLIP1
6260,HIP1R
6261,ZNF317
6266,DNMT1
6268,SLC6A8
6270,DKC1
6271,PLXNA3
6272,DUSP9
6274,ZNF331
6275,ZNF236
6277,LRP3
6280,UBE4B
6281,CASZ1
6282,PKDREJ
6284,NUTM2F
6289,UBA1
6290,RGN
6291,POLN
6294,AKAP12
6295,SYNE1
6297,LATS1
6298,EPS8L1
6299,LILRB2
6303,RBM39
6306,ZNF341
6310,EDA2R
6320,ZNF141
6324,GSE1
6329,COX7B
6330,SLC34A1
6333,NFATC1
6337,PPT1
6342,TRAF3
6344,ADGRE3
6350,RFTN1
6351,C3orf20
6355,KCNC3
6356,NAPSA
6358,LRRC4B
6367,AOC3
6368,ACLY
6374,ANKHD1
6377,UBE2D2
6379,ACAP3
6381,ANO1
6382,PPFIA1
6383,TMEM204
6384,KREMEN2
6386,TRAF7
6390,NPHP4
6391,MAP1B
6393,IL13RA1
6399,TNS4
6400,TOP2A
6402,RARA
6405,CHD1L
6411,PDHA1
6413,MCCC2
6414,ZNF304
6415,ZSCAN5A
6421,DLG4
6425,RHPN2
6434,DNAJB1
6436,FBXW9
6443,MATN3
6445,SPATA6
6448,DHX30
6449,RAF1
6450,SLC6A11
6451,PPARG
6452,NUP210
6456,EMILIN2
6460,CNGA4
6461,TRIM22
6464,EFR3A
6465,HHLA1
6467,IMMT
6471,PER2
6474,PTPRE
6477,CARD6
6478,RAP1GAP2
6479,CLUH
6481,MYBBP1A
6482,RPA1
6483,SERPINF1
6492,LANCL2
6494,DDC
6495,FTHL17
6496,GRSF1
6497,ENAM
6499,ANKRD17
6501,ITGB4
6503,H3-3B
6504,UNK
6507,EIF5A
6508,KDM6B
6511,GUCY2D
6512,GPS2
6516,VPS13B
6517,RGS22
6518,MATN2
6526,TERF2
6529,HSPA12B
6533,SNAP25
6534,BTBD3
6542,RHBG
6544,ATP1A4
6545,NES
6546,BCAN
6551,APCS
6552,FCRL2
6555,IGHMBP2
6557,ALDH3B2
6559,CBLC
6562,NASP
6563,MUTYH
6564,CTNNBL1
6565,LPIN3
6567,RBM38
6568,VSTM2L
6570,SERINC3
6571,PPP1R3D
6572,DMGDH
6574,AP3B1
6576,PATJ
6577,KANK4
6579,SYT4
6580,SLC14A2
6584,NMUR2
6586,PDE6A
6587,ATP8A2
6588,MTUS2
6590,USPL1
6592,TPTE2
6594,CDK8
6597,RNF17
6599,CHRM3
6600,MYH8
6601,MYH10
6604,MPRIP
6607,PIK3C2B
6609,CHIT1
6611,LGR6
6613,DCLK1
6614,CCNA1
6616,SPART
6617,RXFP2
6619,TRPC4
6620,POSTN
6621,RFXAP
6625,KL
6626,RFC3
6628,IRS4
6633,TBC1D8B
6639,SRRM1
6640,BTBD2
6643,ZNF414
6644,PDE6B
6645,HSPBP1
6647,SLF1
6655,MYH11
6658,PDZD2
6659,MORC2
6660,LARGE1
6662,MYO18B
6665,FAM83F
6666,SEC14L4
6667,GIMAP6
6669,ADCK2
6671,AGAP3
6672,KRBA1
6675,BTG1
6676,LRRIQ1
6678,ATP13A3
6682,TMTC1
6683,KRAS
6684,IPO8
6686,SPINK5
6687,IMPA1
6688,LRRCC1
6696,SBF2
6698,RRAS2
6699,HSD17B4
6700,ZFC3H1
6701,TEX15
6705,DPF2
6706,MEN1
6710,UNC79
6711,NUMB
6713,VRTN
6716,MED6
6718,ADAM20
6720,ELP3
6723,CTIF
6732,CAMK1
6733,THUMPD3
6734,VHL
6735,BHLHE40
6737,EDEM1
6738,CNTN6
6739,CHL1
6740,MEIS2
6744,TRPM1
6747,PRPF38B
6753,SYT6
6754,VAV3
6757,HMGCS2
6758,PTPN22
6760,WNT2B
6761,PTGFRN
6764,NOTCH2
6767,CD101
6769,NGF
6770,AP4B1
6772,SPIRE1
6779,KIDINS220
6781,ROCK2
6783,MYCN
6784,LPIN1
6785,CMPK2
6788,SAA2
6789,ANO3
6790,IL6ST
6792,CFHR4
6793,NAV1
6794,CDC73
6796,CRB1
6797,CFHR5
6798,ERN2
6801,NARS1
6804,FBH1
6811,HRH4
6813,KCTD1
6814,CABLES1
6815,DOCK2
6817,SOX5
6824,LRP4
6826,DDB2
6828,USP26
6835,MTNR1B
6836,PUM1
6837,SPOCD1
6838,YARS1
6841,GNL2
6843,HOOK1
6848,DSC3
6849,DSG3
6850,NARF
6851,ELP2
6852,DSG1
6853,DSC2
6855,DTNA
6856,FHOD3
6857,TPGS2
6858,DAGLA
6861,CBLIF
6862,DHX34
6866,TCN1
6867,C5AR2
6869,CLOCK
6870,PDGFRA
6872,COL4A2
6878,ERCC5
6879,TPP2
6881,CARS2
6882,ARHGAP32
6884,ADAMTS8
6888,KLB
6890,APC
6896,NAA35
6898,ANXA1
6902,GOLM1
6906,ADAM19
6912,MSI1
6913,HNF1A
6915,TBX3
6921,DTX1
6923,DMTF1
6926,CCDC146
6928,CD36
6929,UGT2A3
6932,PNPLA8
6935,RINT1
6937,KCP
6938,TES
6941,ADGRB3
6947,SNX14
6948,NT5E
6950,EPHA7
6952,ORC3
6958,LMO2
6959,PHF21A
6961,EHF
6974,ITGA7
6975,TESPA1
6978,AGAP2
6981,CDK4
6984,TSPAN31
6987,COQ10A
6988,FAIM2
6990,ESPL1
6991,KRT7
6992,ZC3H10
6993,HNRNPA1
6994,ACVR1B
6997,KCNH3
6998,LTV1
6999,MAP7
7003,AHI1
7004,HEY2
7010,REPS1
7011,STX11
7012,TEC
7013,PRADC1
7015,CCT7
7017,RAB11FIP5
7019,DYSF
7023,USP15
7026,MDM2
7027,KLHL36
7028,BCO1
7029,MPHOSPH6
7031,KIAA0513
7039,PCNX2
7041,URB2
7042,EGLN1
7043,CAPN9
7044,COG2
7045,ABCB10
7052,DHX9
7054,CEP350
7058,LAMC1
7059,RC3H1
7063,CHRND
7064,PAX3
7065,DOCK10
7066,TTLL4
7067,USP37
7070,SLC19A3
7071,SERPINE2
7073,WNT10A
7083,TMEM127
7085,TGFBRAP1
7086,GCC2
7087,MRPS9
7088,GPR45
7090,ANKRD36
7092,ARHGEF4
7095,STAB2
7096,USP44
7098,CKAP4
7099,PLXNC1
7101,PWP1
7104,SLC41A2
7105,VILL
7106,FLNB
7108,PCDH8
7109,VPS36
7111,CKAP2
7113,TBC1D4
7115,BORA
7116,LRCH1
7120,PHF11
7122,LMO7
7127,EDNRB
7128,RCBTB2
7133,TNS3
7134,SPDYE1
7136,IGF2BP3
7139,RAC1
7143,ZDHHC4
7144,AOAH
7145,BZW2
7146,DGKB
7147,TBRG4
7150,NACAD
7157,STRAP
7159,NKX2-1
7160,ZFHX2
7162,ADAMTS7
7163,ABHD17C
7165,ALPK3
7166,TM6SF1
7169,RSAD1
7171,MYCBPAP
7172,SRSF1
7181,BRIP1
7182,KAT7
7188,SCN2A
7189,TBR1
7191,ERMN
7192,GALNT5
7193,SCN7A
7194,TRAF2
7198,EPRS1
7199,HLX
7202,KCTD3
7206,IL1RN
7209,IL36B
7212,SMPD4
7213,WDR33
7218,HS6ST1
7219,UGGT1
7220,GYPC
7221,STAM
7222,GAD2
7223,ABI1
7225,DNAJC1
7230,ODF2
7231,ECPAS
7235,KLF4
7244,STXBP1
7247,CDK5RAP2
7249,SLC31A2
7251,TLR4
7252,ZNF189
7253,ALDOB
7254,STX17
7258,BAAT
7262,GARNL3
7267,GABBR2
7268,HEMGN
7270,SF1
7273,GOLGA1
7274,XPA
7278,PDCL
7283,ENPP2
7286,MYC
7287,CCN3
7294,UBAP2
7296,RNF38
7297,TLN1
7303,SPAG8
7306,TMEM8B
7307,GRHPR
7308,ALDH1B1
7311,IGFBPL1
7315,FOXP4
7317,KLC4
7318,KIF13A
7319,ZSCAN9
7322,CMTR1
7323,TFAP2A
7326,TMEM14B
7327,TMEM63B
7328,FRS3
7329,TJAP1
7330,CAPN11
7332,HCRTR2
7333,KIAA0319
7334,IRF4
7336,TUBB
7338,GCM1
7341,RIPK1
7344,HMGA1
7348,MDC1
7349,PGBD1
7356,VARS2
7358,FAM8A1
7362,CPEB2
7363,FHDC1
7364,TLR2
7366,TTC29
7367,MYO7A
7374,NUMA1
7376,SYTL2
7384,PI15
7387,SLCO5A1
7390,SDCBP
7394,SORL1
7395,CAP2
7397,TRPC6
7408,RDX
7413,ARHGAP20
7415,MMP13
7416,TMPRSS13
7417,CASP1
7421,UNC13C
7422,SQOR
7424,MET
7425,THBS1
7430,ITGA11
7431,KNL1
7433,RTF1
7434,PARP6
7437,LRRC49
7441,UACA
7443,PLCB2
7446,ADAM10
7447,DUOX1
7452,SEMA6D
7455,SPTBN5
7458,BCAR3
7459,TTLL7
7462,GTF2B
7463,BRDT
7465,IFI44L
7466,GIPC2
7467,ARHGAP29
7469,SLC44A5
7472,DBT
7474,IFT172
7476,CGREF1
7483,LHCGR
7488,ACTR2
7490,SLC5A6
7493,SLC3A1
7494,EMILIN1
7495,FBXO11
7496,SIX3
7499,LRPPRC
7501,DTNB
7504,MFSD13A
7505,CYP2C8
7506,MYOF
7508,STAMBPL1
7511,ATAD1
7513,KIF11
7515,TACC2
7520,KIF20B
7523,PLCE1
7526,DNAJC13
7529,FAM149B1
7532,ZNF365
7534,ADAMTS14
7536,TET1
7538,MYPN
7539,AOX1
7540,ATIC
7541,SMARCAL1
7542,BARD1
7552,FASTKD1
7554,HECW2
7555,IDH1
7558,ITPRID2
7559,CHRNA1
7563,ITGAV
7566,SLC49A4
7567,SENP7
7568,GUCA1C
7573,USP8
7580,INTS14
7581,CILP
7584,HCN4
7587,ARHGAP24
7590,HERC6
7591,HERC5
7592,PCDH10
7593,NDST4
7597,HNRNPD
7600,SEC31A
7601,FGF5
7602,GPAT3
7608,RAP1GDS1
7609,LARP1B
7610,MMRN1
7612,PRDM5
7613,TRPC3
7617,BMP2K
7620,FRAS1
7623,CNOT6L
7625,CDKL2
7626,SHROOM3
7629,CENPE
7632,ENPEP
7634,LEF1
7636,EGF
7638,SEC24B
7640,PPP3CA
7642,MTTP
7643,FBN2
7644,MAPK8IP3
7649,SHISAL1
7650,PARVG
7651,B4GALNT3
7653,ERP27
7654,ETV6
7656,KIF21A
7657,CPNE8
7659,FGD4
7661,PIK3C2G
7663,PLCZ1
7665,SLCO1C1
7667,ETNK1
7668,ZCRB1
7669,TMEM117
7670,PRICKLE1
7673,CLSTN3
7677,CD27
7682,AMIGO2
7683,SCAF11
7684,COL2A1
7685,PPFIA2
7688,LRIG3
7692,TPH2
7693,PHLDA1
7696,PTPRQ
7707,GAS2L3
7708,TMEM132B
7710,TDG
7712,SDSL
7714,GLTP
7715,GIT2
7718,FOXN4
7720,MTMR6
7721,SLC46A3
7725,SUOX
7729,RDH16
7731,ACVRL1
7737,SMARCC2
7738,BRCA2
7739,KANSL2
7740,CERS5
7741,MAP3K12
7747,ESYT1
7749,ANKRD52
7755,LPAR6
7757,RB1
7758,SBNO1
7760,SETD1B
7761,VPS33A
7764,DENR
7765,DIAPH3
7768,SRRM4
7777,TTC6
7782,TSSK4
7783,NOVA1
7785,MDGA2
7789,RTN1
7793,NAA30
7794,ADAM21
7798,WDR89
7800,KCNH5
7801,STON2
7806,AK7
7808,SLC24A4
7816,SLC12A6
7818,MFAP1
7819,TCF12
7822,ZSCAN29
7824,DUOX2
7827,FGF7
7828,HDC
7834,DISP2
7840,PSTPIP1
7841,ETFA
7847,NCOA2
7849,MAN2C1
7851,TLNRD1
7853,IGF1R
7857,CYP11A1
7859,PML
7860,CYP1A1
7861,ADAMTS17
7862,LINS1
7865,PCSK6
7866,CCDC33
7871,HAPLN3
7872,RHCG
7875,FANCI
7877,WDR93
7878,TICRR
7879,NTRK3
7880,DET1
7883,UNC45A
7885,MCTP2
7887,IQGAP1
7888,CRTC3
7890,SH3GL3
7893,GLYR1
7894,PMM2
7895,SLC5A2
7896,ITGAX
7899,ARMC5
7905,ARHGAP17
7907,ABCC12
7908,NKD1
7909,DHX38
7913,ZFHX3
7914,CLEC18B
7915,CPNE2
7916,NLRC5
7919,ADAMTS18
7920,NUDT7
7924,CDH11
7926,MAP1LC3B
7927,MBTPS1
7928,CDH13
7931,ADAD2
7933,IRF8
7935,RPL3L
7936,ZSCAN32
7937,RPS2
7942,TCF25
7943,GALNS
7946,NCOR1
7950,MYOCD
7951,KSR1
7954,CTRL
7955,DPEP3
7959,UNC45B
7963,KIF2B
7968,SGSM2
7969,NPEPPS
7971,LRRC46
7973,SSH2
7976,ARSG
7977,ABCA8
7979,CLTC
7981,BCAS3
7983,SS18
7984,TAF4B
7985,AFG3L2
7989,SLC39A6
7990,RPRD1A
7993,ASXL3
7996,SLC25A52
7997,GAREM1
7999,OSBPL1A
8000,GATA6
8001,GREB1L
8006,ARRB2
8010,MINK1
8011,SAT2
8013,PIK3R5
8014,TP53
8015,CCDC40
8017,TMC6
8019,CARD14
8029,FOXK2
8030,TRIM65
8035,ZNF750
8037,CBX4
8040,MAPK4
8042,MBD1
8043,SMAD4
8045,ZCCHC2
8046,FBXO15
8047,CBLN2
8050,NT5C3B
8052,ERBB2
8053,GRB7
8055,PNMT
8059,FKBP10
8061,CACNA1A
8064,BRD4
8068,PLPP2
8070,PRDM15
8071,PFKL
8072,FEM1A
8073,VAV1
8077,SH3GL1
8078,DUS3L
8079,DPP9
8083,ZFP14
8084,SIRT3
8085,IFITM3
8087,HUNK
8088,COL6A1
8089,IFNAR1
8090,SOD1
8091,COL6A2
8093,DNMT3L
8094,TRPM2
8095,SCYL1
8096,TMEM50B
8099,URB1
8100,AKT1
8105,LMTK3
8108,WTIP
8109,ADAMTS10
8110,SLC6A3
8113,MYO1F
8115,NLRP12
8119,FBN3
8120,CARM1
8125,GPR32
8126,SIGLEC10
8127,ACP4
8129,ZNF473
8137,IGLON5
8139,ZNF614
8141,RERE
8142,MMEL1
8143,CFAP74
8144,PRDM16
8146,PADI3
8148,PADI1
8149,EPHA2
8150,ARHGEF19
8154,MYOM3
8157,RPL11
8161,KIAA0319L
8163,C1orf94
8164,DMRTA2
8166,MAP3K6
8168,GPN2
8169,SYTL1
8170,WDTC1
8171,CELA3A
8172,NBPF3
8173,HSPG2
8174,ITGB3BP
8176,BCL10
8178,PRKACB
8179,PIGK
8184,PTPRF
8186,MOB3C
8187,CYP4B1
8189,DMRTB1
8190,LMO4
8192,BARHL2
8193,MTF2
8195,IGSF3
8196,ZNF697
8198,STRIP1
8199,KCNA10
8205,CELSR2
8208,ALDH9A1
8209,ATP1B1
8215,DCAF6
8222,XCL2
8223,POU2F1
8224,MAEL
8228,ADCY10
8232,PPOX
8233,FCGR2A
8234,NUF2
8236,SDHC
8239,USP16
8241,PRCC
8248,CRABP2
8249,HDGF
8250,ABL2
8251,XPR1
8255,HMCN1
8257,LYPLAL1
8259,PRUNE1
8263,ECM1
8266,CGN
8268,SETDB1
8273,PI4KB
8275,ANP32E
8281,SEMA6C
8283,ARNT
8284,POGZ
8285,C1orf56
8287,HORMAD1
8288,GOLPH3L
8291,KCNH1
8299,SUSD4
8301,HHIPL2
8302,TP53BP2
8304,FLG2
8306,ADAM15
8310,TPM3
8311,NUP210L
8314,S100A7
8315,UBAP2L
8317,HAX1
8318,CREB3L4
8319,EFNA3
8321,KCNN3
8323,GATAD2B
8326,INTS3
8327,PKLR
8330,ACTA1
8332,GALNT2
8335,LYST
8336,MAP3K21
8337,CEP170
8341,NVL
8342,SDE2
8348,ITPKB
8350,CDC42BPA
8354,PARP1
8360,REN
8361,SOX13
8363,PPFIA4
8364,PLEKHA6
8365,PTPN7
8366,SYT2
8371,RHOB
8372,ATP6V1C2
8374,GALM
8376,ABCG8
8377,EML4
8379,CHAC2
8382,VPS54
8383,REG3G
8384,ASXL2
8385,ETAA1
8393,SNRNP200
8394,MRPS5
8398,EXOC6B
8399,SFXN5
8400,TEX261
8402,DUSP11
8403,ST6GAL2
8408,C1QL2
8409,TMEM177
8410,NT5DC4
8414,ZC3H8
8416,CNGA3
8419,AFF3
8421,NXPH2
8423,THSD7B
8427,GALNT13
8428,PKP4
8429,SCN1A
8430,SLC4A10
8432,LNP1
8433,ZNF385B
8435,CDCA7
8437,UBR3
8440,FAM171B
8441,HSPD1
8444,UNC80
8447,NBEAL1
8448,KANSL1L
8449,SPAG16
8450,ABCA12
8451,SUMF1
8452,NYAP2
8454,ACKR3
8455,TRPM8
8457,ESPNL
8458,ANKMY1
8460,DIS3L2
8461,CPNE9
8462,FANCD2
8468,CNOT9
8472,GRIP2
8474,CNTN4
8476,RBMS3
8477,GADL1
8478,OSBPL10
8480,ACKR2
8484,ITGA9
8485,SLC22A14
8486,GOLGA4
8488,STAC
8490,CAND2
8492,PTPRG
8496,UBA3
8499,LRIG1
8500,LRTM1
8505,COL8A1
8508,MYH15
8509,PHLDB2
8512,PLA1A
8515,IGSF11
8517,NR1I2
8518,BOC
8520,TMEM108
8521,AGTR1
8522,MED12L
8528,SPATA16
8529,FAM86B1
8530,LPP
8539,STXBP5L
8543,MUC4
8545,EIF2B5
8547,ECE2
8548,VWA5B2
8549,DGKQ
8550,FIP1L1
8554,EPHA5
8555,CORIN
8573,ANK2
8580,SETD7
8582,MARCHF1
8584,RPS3A
8586,PDGFC
8588,GLRA3
8594,CDH18
8595,ADAMTS16
8597,MYO10
8601,OSMR
8602,UGT3A1
8606,PIK3R1
8610,BHMT
8611,ANKRD31
8612,IQGAP2
8614,RASA1
8618,PAM
8619,BDP1
8623,FBXL17
8627,FEM1C
8630,MEGF10
8631,ADAMTS19
8633,ARHGAP26
8636,SLC25A48
8637,DDX46
8639,TIMD4
8640,RNF145
8641,C1QTNF2
8642,GABRA6
8643,GABRB2
8644,FBXO38
8649,G3BP1
8651,N4BP3
8656,TENM2
8659,MYLK4
8661,TBC1D7
8664,CDKAL1
8665,PSD2
8670,DCDC2
8671,SLC17A4
8674,TRIM41
8676,FAM193B
8683,ABT1
8685,DAAM2
8687,MLIP
8688,HMGCLL1
8689,LGSN
8690,FGD2
8691,SCUBE3
8693,CRIP3
8694,TTBK1
8695,TCTE1
8697,NFKBIE
8701,PHIP
8702,PRSS35
8703,MMS22L
8708,RARS2
8709,SCML4
8710,TBC1D32
8711,CLVS2
8712,GPR6
8713,RNF217
8714,RSPO3
8715,ARHGAP18
8724,SHPRH
8727,TIAM2
8730,WTAP
8731,ZMYM4
8734,SLC22A3
8735,VWDE
8738,SDK1
8741,RBAK
8743,FERD3L
8744,EGFR
8751,POMZP3
8754,PSPH
8755,TRIM50
8756,ZNF92
8758,TMEM168
8761,SLC12A9
8763,TRIM4
8765,ZAN
8766,TMEM209
8767,AGBL3
8772,EPHA1
8773,NOM1
8775,NCAPG2
8777,NLGN4X
8778,SHROOM2
8781,DENND2A
8788,KDM6A
8790,MSN
8792,CCNB3
8803,ZMYM3
8804,TAF1
8805,GPR174
8806,NONO
8808,LPAR4
8810,AWAT2
8811,OGT
8813,ITGB1BP2
8814,IL2RG
8816,ZNF711
8817,CPXCR1
8818,DIAPH2
8821,PRPS1
8823,FRMPD3
8825,DOCK11
8826,IGSF1
8827,ARHGAP36
8828,GPC3
8830,RBMX
8832,MFHAS1
8837,ZNF185
8839,RPL10
8841,ATP6V1B2
8845,CHRNA6
8851,DOCK5
8855,SNTG1
8856,PXDNL
8857,ST18
8858,RGS20
8863,NSD3
8864,DNAJC5B
8867,ADHFE1
8874,SLC26A7
8876,ATP6V0D2
8877,SYBU
8878,DPYS
8879,MTDH
8880,LRP12
8881,EBAG9
8882,RSPO2
8884,MAL2
8890,GSDMC
8891,FAM135B
8893,ARHGAP39
8898,UHRF2
8899,NFIB
8900,CER1
8903,HAUS6
8906,CDKN2A
8913,CEP78
8914,NTRK2
8916,SHC3
8922,ZNF462
8926,SNX30
8931,CRB2
8934,ASTN2
8942,MED24
8943,REXO4
8949,CIZ1
8951,SH3GLB2
8955,LRSAM1
8956,HMCN2
8961,LCN9
8962,SEC16A
8963,DPH7
8964,NOTCH1
8965,CACNA1B
8967,PROSER2
8968,USP6NL
8972,FAM171A1
8974,SLC39A12
8978,PARD3
8979,ANKRD30A
8980,ZEB1
8981,FAM13C
8983,A1CF
8984,CDHR1
8987,POLR3A
8988,HERC4
8994,HTR7
9003,PLEKHS1
9004,TCF7L2
9005,MKI67
9009,LRRC27
9014,TAF5
9017,CNNM2
9018,PDCD11
9019,ADAM12
9021,BTBD10
9023,GAS2
9024,SLC5A12
9026,LRRC4C
9032,SYT8
9034,ZNF215
9038,DGKZ
9040,TNKS1BP1
9041,GLYAT
9044,SSRP1
9045,SLC43A1
9046,PTPRJ
9048,ARFGAP2
9049,CELF1
9055,KLHL35
9056,TENM4
9058,CAPN5
9060,PAK1
9062,ZC3H12C
9064,NCAM1
9065,DRD2
9067,HTR3B
9069,ATM
9071,GLB1L2
9075,GRIK4
9077,HYOU1
9079,ADAM33
9080,SLC22A8
9083,MTA2
9088,EML3
9098,CCDC15
9099,CHEK1
9100,FEZ1
9102,KIRREL3
9107,TAGLN
9108,JPH2
9116,SOGA1
9119,CDH22
9125,SLC22A9
9128,FERMT3
9129,PLCB3
9130,MRPL49
9138,TLCD3B
9141,TAOK2
9143,HMGA2
9144,MMP3
9145,KSR2
9146,CNTN5
9148,CLEC1A
9149,MKX
9151,ITGB1
9156,PCDH15
9160,ARID5B
9161,KLHL1
9162,CDH8
9164,TMCO3
9167,EEF1AKMT1
9168,LATS2
9170,ADGRL3
9172,FAM124A
9176,LYPD6B
9178,ADRA2A
9179,GPM6A
9180,WDR17
9183,CCDC102B
9185,CNDP1
9186,FSIP1
9189,RGS18
9196,DOCK1
9199,PIH1D2
9207,FREM2
9208,FOXO1
9209,CRIM1
9211,ABCB9
9213,DHX37
9214,UBC
9215,ITPR1
9221,GPR158
9223,CACNA2D4
9225,CACNA1C
9230,UEVLD
9235,UBE3B
9236,ANK3
9240,DLG5
9242,SLC2A13
9243,GXYLT1
9245,DIP2C
9247,MAGI1
9251,AKAP6
9252,NPAS3
9256,EXT2
9258,ALLC
9264,ADAMTS12
9266,NEK7
9268,FER
9270,ANKRD50
9271,UPF2
9273,SCLT1
9276,FRMD4A
9277,SLC25A31
9278,PTPRO
9279,EPS8
9283,NCAPD3
9284,VTI1A
9287,ANO4
9290,DRD3
9291,MMAA
9292,ZNF827
9295,NR3C2
9296,AKR1C2
9297,DPYSL4
9300,ITIH2
9303,ANKAR
9305,MFSD6
9306,RNF144A
9307,ASAP2
9310,KCNJ1
9311,TMEM45B
9317,BICD1
9318,SAV1
9321,NBAS
9322,ZNF385D
9326,GABRA2
9327,SACS
9329,PABPC3
9330,CENPJ
9334,PARP8
9335,GFRA1
9337,DST
9339,TIAL1
9341,GLT1D1
9342,TMEM132D
9343,RBM46
9344,IQCJ-SCHIP1
9345,MCHR2
9347,AP1S3
9348,RABGAP1L
9349,CCDC74B
9353,ASTN1
9356,PTPN14
9357,MGAT5
9360,HSPB8
9362,TMEM178A
9363,POU4F1
9365,CYSLTR2
9366,GRID2
9368,RIT2
9369,SETBP1
9371,EPG5
9372,PSTPIP2
9374,HAUS1
9380,PDE3B
9381,TCF7L1
9391,GUCY1A2
9392,CWF19L2
9393,JMY
9395,XRCC4
9396,BOLL
9398,ZNF773
9400,ZNF256
9403,OLAH
9406,ZSCAN1
9410,CAMK4
9412,ZFP36L2
9414,PLEKHH2
9417,GRIA4
9418,IGSF10
9419,SPEF2
9421,DSPP
9423,MEPE
9428,GJA1
9431,CLEC4F
9432,SLC30A6
9433,PELO
9434,RASGRP3
9436,CATSPER3
9441,FARP1
9444,PANK1
9445,PRDM8
9446,BMP3
9449,UTRN
9450,GRM1
9451,PTPRK
9453,CNTNAP4
9454,ZNF117
9456,LMNTD1
9459,MED21
9460,PLOD2
9461,STK32B
9463,JAKMIP1
9464,ZIC1
9465,ADGRA3
9466,CPB1
9468,LGI2
9472,CENPH
9473,CDYL
9479,ACMSD
9480,ACOXL
9481,BCL2L11
9482,ANAPC1
9484,SCOC
9487,SMARCA5
9489,BMP6
9490,RGPD3
9492,HNRNPU
9493,RANBP2
9494,AHCTF1
9497,OR14K1
9498,PTPRR
9499,NR4A2
9500,CCDC148
9501,PLA2R1
9503,SCN3A
9504,FEZF2
9507,ADGRF1
9509,FRMD1
9512,TRAPPC8
9513,FAM81B
9516,PLEKHG4B
9521,ING1
9523,SPACA7
9524,ADPRHL1
9532,PTPRD
9537,TGIF2LX
9544,SPHKAP
9546,PID1
9547,TRIP12
9551,ZNF599
9555,SREK1
9556,CHD1
9557,ANKFN1
9558,DGKE
9559,HS2ST1
9560,MSI2
9561,CACNA2D1
9563,HS3ST3A1
9566,SEMA3D
9570,SLC5A10
9571,AK5
9574,ANKRD29
9578,DNAAF1
9581,JPH3
9584,UBASH3B
9585,ROBO4
9586,ROBO3
9587,PANX3
9590,RETREG1
9591,CDH12
9594,ABI3BP
9595,ANGPT1
9598,CERS3
9600,LRRK1
9601,CEP112
9603,ABCA9
9604,ABCA6
9607,ENPP3
9611,DISP1
9612,TNIK
9615,PGM5
9617,OBSCN
9618,LONRF1
9621,PPP1R3A
9623,ASZ1
9624,SH3RF1
9627,GPR26
9630,C10orf90
9632,ATP5MC3
9633,CNTNAP3B
9637,SORBS2
9638,ELOC
9646,TMPRSS15
9647,NCAM2
9648,L3MBTL4
9649,PDE1C
9655,ADAMTS1
9656,ADAMTS5
9658,SLFN13
9660,XPC
9661,CCDC174
9662,FGD5
9663,FLCN
9666,PLCL2
9667,CXXC1
9669,PPP4R1
9671,PIEZO2
9673,USP43
9676,EPHB1
9677,ACSS1
9680,CA10
9681,VOPP1
9684,DKK2
9686,RSPH10B
9687,FBXL18
9688,CNTNAP5
9689,PROM2
9691,ODF1
9693,PTPRN2
9696,PIP4P2
9700,TTC39B
9702,MMS19
9703,OR4K1
9704,PI4K2A
9710,SLC25A28
9711,HSPA13
9712,SAMSN1
9713,USP25
9717,MOV10
9718,RHOC
9722,HEATR3
9723,TRIM74
9724,NIFK
9726,SLC7A7
9727,MAGEC1
9728,LARP1
9730,GRIA1
9735,ZKSCAN2
9737,XAGE2
9738,PIK3AP1
9740,TTN
9741,VSIG4
9745,OTOA
9748,FLACC1
9749,C2CD6
9752,SPAG17
9754,FMN2
9758,ELMO1
9762,SAXO1
9764,SLC24A2
9765,TRIM42
9767,ADCY8
9768,RASA2
9771,SLA
9776,AFF2
9777,MICU3
9780,KIF5A
9787,CFAP70
9790,GNAQ
9791,WIF1
9792,UGT2B11
9794,MMP16
9796,KCNMA1
9799,ADAMTS3
9807,ADAMTSL3
9812,N6AMT1
9817,NAA11
9819,CLDN17
9820,CLDN8
9822,TIAM1
9823,SCAF4
9829,SORCS3
9832,FUT6
9833,TDRD9
9835,PCDH1
9837,GDF6
9840,PTDSS1
9843,KCNS2
9845,SUPV3L1
9847,EEF1A1
9849,HKDC1
9852,PHF6
9854,LRFN2
9862,KAT6B
9865,UNC5D
9866,GLYATL2
9870,BAG4
9872,TBC1D31
9874,ATAD2
9878,PRR14
9879,FBRS
9885,ITGAD
9886,ADGRG4
9887,ZIC3
9889,VPS8
9894,BUB1B
9896,EIF4A2
9897,BRPF1
9903,EXOG
9905,SHCBP1L
9907,ZFYVE9
9908,ATP2B2
9910,SLC6A1
9911,SMG1
9912,FCHO2
9913,RBPMS
9916,C8A
9919,NRG1
9923,LRP8
9925,PAXIP1
9931,FZD1
9932,GATAD1
9936,DHRS4
9938,CLEC18C
9939,ARMC12
9945,CACNA1D
9947,KIT
9948,HYDIN
9951,CACNA2D3
9952,RNF111
9955,MYO1E
9958,AFAP1L1
9961,DYRK1A
9963,KCNJ15
9964,ERG
9968,SLC35B2
9970,MX1
9971,CREB3L1
9974,SLC38A10
9976,PALM2AKAP2
9978,DGKI
9980,SVOPL
9982,UBN2
9983,BRAF
9984,SLC34A2
9985,ACAN
9987,CABP1
9988,WDR19
9994,DPYSL5
9996,RAB28
9998,TNFRSF14
9999,PANK4
10002,C12orf43
10005,RADIL
10009,AGAP1
10015,BABAM2
10016,TRIM63
10019,DUSP2
10021,UBXN11
10022,NLRP14
10024,GALNT14
10026,HPD
10027,RHPN1
10031,XDH
10033,CNNM4
10036,TMSB15A
10037,FANCC
10041,ESYT3
10044,CLSTN2
10045,COLEC12
10047,CUL4B
10049,SLC13A3
10052,AUTS2
10053,SHROOM4
10056,H4C8
10058,EIF5B
10063,KCNB1
10065,NRG2
10068,CD1D
10069,CD1A
10073,DNAH3
10074,CD1E
10076,CPA2
10078,CPA5
10080,PPP1R9A
10081,ZC3H18
10083,POM121L2
10084,GDPD5
10085,DYNC1I1
10086,PFKFB1
10089,PPP1R15B
10091,EMSY
10094,PKD1L1
10097,ELK4
10099,SLC45A3
10101,RNF166
10103,HTR6
10106,USF1
10108,SPATA2L
10109,NIT1
10115,VWA5B1
10116,CDA
10119,DMTN
10120,ADAMTS4
10123,SLC5A11
10124,FCER1G
10131,CACHD1
10133,RAPGEF6
10134,EPB41
10136,ALG8
10137,FBXW5
10140,PAXBP1
10145,SON
10147,SV2A
10161,CLIC6
10163,RUNX1
10169,GJD2
10170,ACTC1
10171,MORC3
10172,MPP7
10174,SIM2
10175,HLCS
10176,GOLGA6A
10177,SCUBE1
10179,ADPGK
10181,PLA2G4D
10182,PADI4
10186,ATP13A2
10190,BTG2
10191,CES5A
10195,ALDH4A1
10196,STARD9
10198,TCHH
10200,UBR1
10201,AMFR
10203,TGM7
10204,RGL4
10206,PGLYRP3
10207,ISL2
10218,EFCAB14
10222,LRRC36
10228,CARMIL2
10230,PIP
10232,RGS12
10234,ZYX
10243,ZNF233
10248,ARHGAP35
10249,PTGIR
10253,IQCC
10256,ZBTB8A
10257,ATAD3B
10262,VIP
10264,ANKLE1
10266,VMA21
10267,KALRN
10268,CILP2
10274,UBASH3A
10276,SLC37A1
10278,WDR4
10282,U2AF1
10287,G6PD
10291,TRAPPC10
10292,GAB3
10293,HES1
10297,ZNF66
10299,ITGB2
10301,RALGDS
10302,FTCD
10303,SPATC1L
10305,VAV2
10306,MCM3AP
10308,PCNT
10309,DIP2A
10313,ZNF208
10316,SLC2A6
10317,ZNF761
10321,ZNF714
10322,GPSM1
10328,SHKBP1
10332,PKN3
10333,SPTBN4
10334,BRSK1
10337,PAN2
10339,TAOK1
10342,SIK3
10347,PCSK7
10352,CXCR5
10353,ZBTB7B
10356,VPS11
10358,ADAR
10360,UBE2Q1
10363,ANO10
10364,FDPS
10365,RUSC1
10370,LMNA
10372,NBEAL2
10379,LRRC71
10380,FCRL3
10382,FGFR4
10385,NACC1
10394,TONSL
10397,RECQL4
10401,PPP1R16A
10419,MFSD12
10420,YDJC
10421,CCDC116
10424,ABCF3
10426,FBXO27
10429,BDH1
10430,NPHS1
10433,ZNF382
10436,PER1
10437,IKZF3
10439,AR
10444,SRSF2
10445,ZNF577
10448,KASH5
10450,ALDH16A1
10452,ITGA5
10453,SIGLEC11
10459,NAGS
10464,SHANK1
10465,FAM171A2
10467,PLCD3
10468,FMNL3
10472,LARP4
10475,KRT84
10476,KRT82
10481,ALOX15
10489,ASGR2
10493,EIF4A1
10498,PRR35
10499,WDR90
10508,CCNF
10509,TBC1D24
10517,ADCY9
10518,SHANK2
10519,CLPB
10525,UBXN1
10528,TAF6L
10529,NXF1
10534,SYVN1
10536,RPS6KA4
10537,LRP5
10538,TPCN2
10540,CYP4A22
10542,TAL1
10544,BEND5
10545,ELAVL4
10547,ZYG11B
10552,FAM151A
10555,BSND
10559,PRKAA2
10560,KLHL21
10561,ZSWIM5
10563,SLC45A1
10565,AK3
10566,JAK1
10567,RAVER2
10568,CTRC
10573,TMEM82
10575,AKR7A3
10580,MATN1
10583,PEF1
10584,SYNC
10585,RBBP4
10586,KIAA1522
10588,TMCO4
10596,FAAP20
10597,MEGF6
10598,CCDC27
10601,C1orf87
10603,OMA1
10604,MYSM1
10607,FUBP1
10610,ADGRL4
10611,LRRIQ3
10612,LRRC53
10614,LHX8
10615,SNX7
10617,NTNG1
10620,AKNAD1
10624,ATXN7L2
10625,GBP4
10627,HFM1
10628,BRINP3
10629,GFI1
10630,KCNT2
10632,VCAM1
10638,NLRP3
10640,TRIM58
10644,IGSF8
10645,DDR2
10648,NCSTN
10652,FCRLB
10654,SLC9C2
10657,LMX1A
10662,RBM15
10664,AXDND1
10665,TDRD5
10667,SNED1
10669,SPATA17
10672,NBPF20
10674,WDR64
10675,KIF26B
10678,PPP1R21
10679,KLHDC8A
10680,PM20D1
10689,PIGR
10693,WDR26
10694,REL
10701,CAPN13
10702,LRRTM1
10703,MEMO1
10711,KCNJ3
10715,DUSP19
10719,ZSWIM2
10722,WDCP
10723,SMC6
10725,CCDC74A
10727,ANKRD30BL
10728,COQ8A
10730,TEKT4
10736,SGPP2
10738,XIRP2
10739,BBS5
10740,SMARCAD1
10742,PDLIM5
10744,STPG2
10746,RPRD2
10748,CTSS
10758,ERCC3
10759,RNF149
10760,IWS1
10761,BOLA3
10764,LCE3D
10766,IVL
10767,SPRR3
10768,DHX57
10770,BMP10
10772,ARHGAP25
10779,CRYGC
10784,ALPP
10785,GABRG1
10787,GABRB1
10790,ALPI
10798,PMVK
10799,PBXIP1
10801,PYGO2
10802,HIPK1
10804,DCST2
10805,DCST1
10806,COL6A3
10808,YY1AP1
10809,KBTBD8
10817,IGFN1
10818,ATP1A1
10823,LRRC58
10825,LMOD1
10826,ELF3
10827,PDCL2
10828,TMEM183A
10830,IGFBP7
10840,STK36
10842,NEK10
10843,CCDC141
10844,FEV
10848,EOMES
10850,AZI2
10851,TGFBR2
10853,ANKZF1
10855,FCRL4
10856,TRAT1
10857,FBLN2
10858,GLB1L
10859,STT3B
10861,DPPA2
10862,NFASC
10863,FCRL1
10866,CLASP2
10867,SUCLG1
10868,NUAK2
10869,SPTA1
10870,PRKCI
10871,MNDA
10872,PYHIN1
10873,IFI16
10874,AIM2
10875,EFHB
10877,SLC2A2
10879,FABP1
10891,CADPS
10892,NKX6-1
10894,WDFY3
10896,PTPN13
10898,ALB
10905,ADAMTS9
10906,PPM1K
10909,GMPS
10911,CCNL1
10912,PTX3
10922,RBM47
10932,TTC14
10937,MTHFD2L
10941,CCDC158
10943,GYG1
10944,HPS3
10946,TOPBP1
10947,RYK
10949,TCF23
10954,PLB1
10958,TGM4
10960,ZDHHC3
10964,LZTFL1
10965,FYCO1
10966,CCR1
10970,FBXO40
10972,ZNF148
10973,NMNAT3
10975,ZMYM6
10977,YEATS2
10978,GRIK3
10979,ZC3H12A
10988,TMEM41A
10990,SENP2
10998,PRKCD
11002,PBRM1
11003,UVSSA
11004,TASOR
11013,MTF1
11014,OTOP1
11021,ZNF691
11024,METAP1
11027,EMCN
11033,CAMP
11036,PLXNB1
11038,ATRIP
11041,BSN
11043,INTU
11045,HSPA4L
11046,MFSD8
11048,CAMKV
11050,MST1R
11051,RAD54L2
11052,TEX264
11057,ETNPPL
11059,PITX2
11062,NDST3
11071,MAP9
11072,GUCY1A1
11074,CEP44
11076,ASB5
11080,NPY1R
11082,NAA15
11086,ICE1
11087,HHIP
11089,ABCE1
11090,OTUD4
11096,SLC45A2
11097,EDIL3
11102,LMBRD2
11104,NIPBL
11105,RNF180
11106,ADGRV1
11109,PGGT1B
11113,CMBL
11119,PRDM9
11123,HTR4
11128,RHOBTB3
11133,ENPP6
11137,ERAP1
11139,CMYA5
11140,EGFLAM
11144,RICTOR
11145,TENT2
11146,EBF1
11155,TERT
11156,SLC6A18
11158,FOXQ1
11159,ACSL6
11163,SHROOM1
11167,GJB7
11172,TLX3
11173,TXLNB
11180,SAMD3
11181,TMEM200A
11183,DACT2
11188,IL31RA
11189,ANKRD55
11197,GALNT10
11200,HCN1
11201,MYOZ3
11203,NEUROD6
11204,BMT2
11205,GPR85
11210,BMPER
11213,KIF6
11214,ZNF12
11215,SLC29A4
11217,STEAP1
11219,SP8
11220,MIOS
11221,ELAPOR2
11224,IQUB
11225,HEY1
11230,COL1A2
11231,FNDC1
11233,SLC13A4
11238,CTSB
11239,SOX17
11240,HP
11241,ADCY1
11242,C8orf48
11244,C7orf57
11245,HNF4G
11247,RAD21
11248,SLC30A8
11251,SBSPON
11253,EN2
11254,KCNV1
11255,CSMD3
11256,SPIDR
11261,DEFA6
11264,SUN1
11265,OXR1
11266,TMEM74
11269,UNCX
11270,TMEM184A
11273,MICALL2
11275,INTS1
11277,SLC4A2
11279,FASTK
11284,ALDH7A1
11288,YWHAZ
11294,DCSTAMP
11298,FREM1
11310,PSIP1
11314,SYK
11316,ABCA1
11322,ZMAT4
11323,NKX6-3
11325,MAMDC2
11328,C8orf34
11329,TMC1
11330,ALDH1A1
11332,HGSNAT
11335,KIF27
11337,HNRNPK
11339,SVEP1
11340,TRPV6
11345,ZHX1
11346,CFAP47
11347,CYBB
11349,METTL27
11351,SHOC1
11355,RNF183
11357,PCDH19
11366,WNK2
11367,ATP7A
11370,HDX
11372,AQP7
11373,NOL6
11376,VCP
11379,BRWD3
11380,SLITRK5
11382,ARMC3
11385,FAT3
11386,DEUP1
11388,SLC7A3
11391,GPR101
11393,LRFN5
11394,LRRC18
11396,WRN
11398,TSHR
11406,FOLR2
11407,INPPL1
11408,PHOX2A
11413,HEPACAM
11414,SKA3
11416,DDIAS
11417,PCF11
11419,RPL10L
11422,DNAAF2
11424,MAGEC3
11425,ZNF22
11426,KLHDC2
11427,EML5
11435,CDX2
11438,KBTBD6
11441,OTX2
11442,FAAH2
11443,DRGX
11445,DACT1
11451,TAF3
11452,VSTM4
11453,VDAC2
11456,SLC18A2
11460,QSOX2
11462,NSD1
11466,CLEC1B
11467,SNAPC4
11470,ENTR1
11474,TSC1
11475,GFI1B
11481,RET
11483,BMS1
11485,JCAD
11490,SLC39A2
11493,ARHGEF40
11499,BTNL9
11500,CCDC186
11503,SALL2
11506,ERICH6B
11507,CYP2C19
11514,E2F7
11515,ARHGAP42
11517,OTOGL
11519,PACSIN3
11520,TTC7B
11524,AGBL2
11532,CLMN
11533,PDZRN4
11536,NELL1
11539,CACNB2
11543,CEP295
11544,KCNC2
11546,ABTB2
11548,AMOTL1
11549,HTRA1
11550,LIPC
11551,CEP57
11552,TCP11L2
11554,SPRED1
11560,GLB1L3
11561,ADAMTS15
11574,FBN1
11580,BRD7
11593,NOLC1
11596,GABRB3
11597,SPIC
11599,SGPL1
11601,CCT2
11603,ARIH1
11608,ZNF202
11611,CYYR1
11612,CUL5
11613,MYRFL
11616,C2
11617,PLEKHF1
11625,TRIM44
11630,DCHS1
11631,NETO1
11632,MSS51
11634,USP54
11635,RAG1
11636,POTED
11641,ATP9B
11642,PPFIBP2
11645,SERPINB7
11648,TUB
11650,LMO1
11652,WDR72
11654,PLD4
11656,XRRA1
11658,RNF169
11660,DENND2B
11662,TMEM130
11663,PRTG
11666,ATMIN
11667,C16orf46
11670,LEO1
11671,ZNF143
11674,WEE1
11676,PRKCB
11678,NDST2
11679,MCM7
11682,CLEC4E
11684,CLEC4D
11685,ZSCAN21
11687,A2ML1
11694,GALR1
11695,TMEM135
11698,CENPV
11699,CDH16
11702,CFAP52
11706,SERPINB12
11709,MMP10
11713,COG1
11714,PLEKHA7
11715,ZNF606
11717,B2M
11720,HTR3A
11722,ACSM1
11723,AP1G1
11725,CATSPER2
11727,MARF1
11734,FAM111A
11736,KIF7
11741,MESP1
11742,ANPEP
11743,SCNN1G
11745,NAV2
11747,GLYATL1
11751,PLK1
11754,ZBTB39
11757,MYO1A
11758,CHP2
11761,NAB2
11763,STAT6
11764,PATL1
11767,STX3
11779,MS4A14
11783,EPB42
11785,SMAD3
11787,CCDC178
11789,MAP1A
11794,MARS1
11795,MBD6
11796,CNPY4
11800,TERB2
11801,NKX3-1
11802,SGSM1
11804,TEF
11805,MEI1
11815,BPIFB6
11818,ACSF2
11825,CERCAM
11827,CCDC103
11833,ISLR2
11837,GPRC5B
11843,NOD2
11845,LOXHD1
11846,KATNAL2
11848,ZNF91
11850,RNF214
11851,CDK12
11859,TBC1D16
11861,MYO5B
11865,RRM1
11869,OR51B5
11870,OR51I1
11871,OR51Q1
11876,ZNF226
11877,ZNF180
11879,ZNF668
11880,ZNF646
11883,LPO
11885,SMG8
11886,TPM4
11893,GATAD2A
11894,MVD
11896,TRAPPC2L
11897,ANKRD11
11907,KMT2D
11911,TUBA1C
11913,ZNF528
11916,NCKAP5L
11922,AXL
11926,LAIR1
11927,TTYH1
11928,LENG8
11930,LAIR2
11931,TMEM145
11933,TRAPPC9
11934,KIR3DL1
11935,NLRP7
11937,ZNF283
11939,SPINT2
11940,C19orf33
11947,EEF2
11952,PLIN4
11954,ZNF444
11959,GPT
11960,KIFC2
11963,SERPINF2
11964,WDR81
11965,SRR
11967,TRPV3
11970,GGT6
11971,KLK6
11973,KLK2
11976,KLK11
11978,ZNF83
11981,ACER1
11992,NDUFV1
11997,PRDX2
12000,ZNF232
12003,CD300A
12004,TEKT1
12009,EVPL
12010,SRP68
12014,TMEM68
12016,GSDMA
12024,E4F1
12025,DNASE1L2
12027,CASKIN1
12028,ABCA3
12030,SRRM2
12031,ZNF597
12032,NLRC3
12033,SDHAF2
12034,DDB1
12036,VWCE
12037,RAB3IL1
12039,FTH1
12041,POLR2G
12046,C2CD3
12047,TRANK1
12048,TTC21A
12049,RPSA
12051,CTNNB1
12052,ULK4
12055,NAALADL1
12058,SLC22A11
12060,GCK
12062,CCDC88B
12068,PAFAH1B2
12076,SETD5
12077,VASN
12078,FAM83B
12083,HOOK3
12084,MAPK1IP1L
12086,RBPJ
12087,LMBRD1
12089,PTGDR
12096,DNAJC7
12097,KCNV2
12099,PTF1A
12101,FOXI1
12111,H1-4
12112,PCMTD1
12114,MPLKIP
12115,ACOX2
12116,FAM107A
12117,IRF2
12121,XIRP1
12122,INSM2
12124,SCN11A
12137,KCNG4
12138,RHOH
12143,SCNN1B
12145,TXNDC2
12146,RAB31
12147,REEP4
12148,TNXB
12151,BMP1
12154,CCDC110
12157,CAVIN2
12159,GBX2
12163,FNTA
12165,MYL1
12166,TRAPPC11
12168,COL3A1
12172,SNRNP48
12178,ADAM29
12179,STAT3
12182,ADAM18
12184,MUCL3
12186,AXIN2
12188,VWA3B
12190,UGT3A2
12192,LDLRAD4
12193,KCTD19
12195,IL7R
12197,LRP1B
12200,DNAJC21
12202,NPNT
12207,CNNM3
12209,TET2
12212,SHOX2
12213,PPIP5K1
12215,ABHD15
12216,ZBTB5
12219,LCMT2
12222,ZNF507
12228,HTR1E
12229,FSTL5
12232,SOX14
12234,SFTPB
12235,USP39
12236,TNIP2
12240,VAMP5
12244,PLA2G4F
12246,ZNF608
12247,SLC35G2
12248,INPP5D
12252,TRIM49
12259,MFF
12260,GRM5
12273,COL4A3
12274,MAP2K1
12277,IRS1
12280,UPF3A
12281,ZBBX
12283,ROR2
12286,VXN
12287,HSPBAP1
12289,SLC25A6
12294,ODAD2
12295,AFAP1L2
12296,ZNF354A
12297,ATF5
12302,PCSK9
12305,MN1
12309,IL13
12312,RAB3B
12313,OR6F1
12318,LMAN2
12319,GCSAML
12320,RAB24
12322,THBS3
12325,EFNA1
12326,C7
12328,SH3TC2
12330,ZRSR2
12331,NMD3
12334,GRIN1
12336,KCNAB1
12344,C22orf15
12347,PDILT
12349,GP2
12350,SLC33A1
12353,SIN3A
12354,ARL13B
12359,RSPH10B2
12363,NPR1
12366,SCN9A
12368,COL22A1
12373,SPRR1A
12378,PLEKHA2
12380,SLC38A11
12383,CCDC8
12384,METTL15
12386,MUC15
12388,ZEB2
12390,PCBP1
12394,CLIC3
12396,BNC1
12399,ANTXR1
12408,HIC2
12409,LUZP1
12410,HEXD
12411,DRD5
12412,BUB1
12414,LRRC45
12419,ASPSCR1
12421,FASN
12422,CNBP
12426,GPS1
12435,NLGN1
12437,UGP2
12438,TAS2R1
12443,HNRNPF
12445,CSGALNACT2
12446,TACR3
12448,PCDH7
12449,ROBO1
12451,AVEN
12453,CTNND2
12454,TRIM56
12455,MUC17
12458,CALML6
12459,REPS2
12460,MUC3A
12462,ITGAM
12464,TPST1
12470,OTUD7A
12471,GUSB
12472,BRD3
12474,FRMPD4
12475,ZFPM2
12476,ZNF764
12481,TMEM42
12485,ZNF35
12489,MYO7B
12490,CHD3
12492,MYRIP
12493,ALCAM
12503,SIMC1
12506,SPDYE5
12507,SERPINA6
12510,FOXD4
12513,HNRNPA3
12514,SIK2
12515,RNF150
12520,HOXD12
12523,SLC16A5
12529,PWWP2A
12531,USP47
12533,MRGPRX1
12534,ZNF212
12536,FAM161A
12544,CNGB3
12552,UBB
12553,NFRKB
12555,FRMPD2
12556,PRDM10
12563,CST2
12568,SEMA3E
12569,LRRN2
12570,SLC30A1
12571,DCLK2
12572,ZNF804A
12573,GPRC5C
12576,KRT8
12577,KRT78
12582,KRT86
12585,KRT75
12586,DENND5B
12592,RALGAPB
12596,SLC23A2
12597,KRT74
12598,NPAS2
12599,KRT72
12601,LONRF2
12604,PA2G4
12607,KRT83
12608,PFKFB3
12610,ARL6IP1
12613,IRX1
12614,CDH2
12615,IRX2
12619,STAT2
12621,IRF2BP1
12624,FOXA3
12626,SLC26A5
12628,SGCD
12631,ARMC10
12635,ATF7
12644,SYT9
12645,KCNS3
12646,RBMXL2
12647,KIF5B
12649,AKAP13
12653,SDR16C5
12654,DYDC1
12655,OR10A2
12656,CHCHD7
12657,HTRA3
12661,FSHR
12662,USP32
12663,CEL
12664,PPM1D
12665,GPR27
12672,KIAA0232
12675,RNF139
12678,CYTL1
12685,PAQR8
12688,TANC2
12689,OR7G2
12691,PKHD1
12699,ZNF415
12702,DCDC1
12708,HS6ST2
12715,FPR2
12716,FPR1
12722,C11orf24
12723,ALK
12728,INSR
12730,GIMAP8
12742,SOCS5
12746,ZNF672
12750,OR2M4
12751,GRIK1
12752,MUC7
12757,TRIM8
12758,NETO2
12761,CDC42BPG
12763,JUNB
12766,UGT2B7
12767,LRG1
12768,SHCBP1
12770,NPTX1
12775,CANT1
12777,ZDHHC16
12781,CHD7
12782,ESCO2
12784,KRT15
12786,KRT38
12787,CLCN5
12788,TPPP
12789,KCND3
12792,KRT13
12794,KRT9
12796,PDE7B
12804,MCC
12808,DSEL
12810,ASXL1
12812,DLK2
12814,ZNF318
12816,WIPF2
12820,NLRP5
12824,LRRC8D
12825,MROH2B
12829,COL24A1
12830,ETFDH
12831,OR1N1
12832,RXFP1
12834,PTGER4
12839,ECEL1
12841,FGG
12842,FGA
12843,OR2AT4
12845,PLRG1
12848,DSCAM
12849,DNAI2
12850,NMUR1
12853,ZNF274
12854,PIK3CD
12860,BPTF
12862,ZIK1
12866,ATF7IP
12867,LKAAEAR1
12871,ANO5
12872,HDAC3
12874,GPHN
12876,TMEM51
12877,CAMTA1
12879,LRRC34
12880,PAH
12888,BCL2
12892,KNDC1
12893,WDR87
12895,CFAP46
12897,PWWP2B
12898,PCDHB1
12899,ZNF540
12903,ZNF570
12904,NINJ2
12905,MLLT3
12908,TRAPPC12
12913,TEP1
12918,KLF17
12919,ADRA1D
12920,FRMD5
12923,TLN2
12926,FBXW10
12928,ZNF217
12931,OR52A5
12932,SCG2
12934,CYP4F22
12940,JMJD1C
12943,ZNF556
12948,REG3A
12949,GAP43
12958,LRRC15
12960,EIF2AK3
12966,CD8B
12968,CALB2
12969,SLC9C1
12974,CCL11
12980,MALT1
12981,PRL
12988,GPR22
12992,TPSAB1
12999,ZNF131
13000,MACROD2
13007,SPTLC3
13012,CLEC12A
13016,ALG14
13021,IL16
13022,ABCG4
13026,OR5B12
13031,OR9I1
13032,ARNT2
13036,SYNPO2
13049,FUT9
13055,RAB40A
13060,AFF1
13061,ACOT12
13062,FIBP
13063,CARNS1
13066,PPP1CA
13067,HCFC1
13072,SNTG2
13074,PDE3A
13075,RASGRP1
13076,KLHL6
13084,AGAP5
13089,THEMIS
13091,ZNF738
13093,SLFN11
13098,LRRC20
13103,ZNF596
13104,COL6A5
13107,NAA16
13117,DCP2
13120,CYP7B1
13122,RARG
13125,SSH3
13128,SP3
13130,DMXL1
13134,NADSYN1
13136,LVRN
13137,NBEA
13139,MYEOV
13142,MYD88
13144,OXSR1
13145,SLC22A13
13146,PHF8
13150,FRG2C
13152,SH3RF3
13154,HPSE2
13156,ARPP21
13159,GRK2
13160,RELA
13161,EVC2
13162,ZNF680
13163,HECTD4
13165,BNC2
13170,HSPA6
13172,LRRN3
13173,KDM2A
13175,ADCK5
13178,ESRRA
13180,ADAMTS20
13184,ADCY5
13185,PARP14
13186,CYSLTR1
13187,PARP15
13190,ABLIM3
13191,MAB21L3
13192,TUBB8B
13196,IQCB1
13198,GOLGB1
13202,DMRT2
13208,MMRN2
13210,TNKS
13212,ZBTB21
13216,STOX2
13217,MAP3K11
13225,NDNF
13228,GLIPR1L1
13231,DAB1
13247,ZNF417
13248,PTPRM
13251,PEAK1
13253,MST1
13254,TNFRSF10C
13258,CSPG4
13263,NLRP13
13264,CHD2
13268,CEP83
13269,SULT1B1
13271,PC
13276,LRFN4
13279,SLC19A1
13281,RCE1
13285,EIF1AX
13289,PSMD1
13293,SUSD5
13294,HEG1
13295,WFIKKN2
13300,STAT5B
13301,CD7
13306,TDRD12
13309,RNF213
13311,KCNH6
13313,PLK3
13314,NET1
13318,ZNF791
13319,PHC3
13321,CBX2
13322,SPTBN2
13324,KRT28
13325,RBM4B
13331,SLCO4C1
13345,TENT5D
13349,CD34
13350,CTSF
13351,MSRB3
13352,LEMD3
13354,TLR10
13356,TLR6
13358,RGMB
13359,FAM53A
13364,TRMT10C
13365,SELP
13367,MGA
13371,PIGG
13372,PRPF8
13373,ADCY6
13378,ZNHIT2
13379,EVX2
13380,ZBTB4
13382,ZHX3
13385,SLC16A13
13386,GLIS1
13388,CHRNA9
13390,SLC6A19
13392,RALGAPA1
13393,LIG4
13394,TRHR
13395,GTF2IRD2B
13397,ATP2A2
13401,STARD6
13402,GOLGA6L2
13405,ZCCHC12
13406,CNTNAP2
13407,GALNTL6
13408,LINGO2
13410,DENND4A
13411,IGDCC3
13412,GCSAM
13413,ANKRD36C
13414,SLC26A9
13416,PELI3
13418,MYO1H
13421,KLK15
13426,MSL2
13427,ZNF497
13429,CMKLR1
13430,ANGEL2
13434,SLCO2A1
13437,SLC29A2
13438,BRSK2
13441,LEP
13443,RESF1
13447,PABPC5
13451,HRAS
13452,WDR49
13453,SRP72
13458,CEP135
13463,ADGRE1
13467,DNAH12
13471,NLRP6
13473,RSRC1
13474,CATSPERD
13481,SEZ6L2
13482,ASPHD1
13489,FUT1
13490,DHX36
13491,OR5J2
13492,ZIC4
13499,SLC22A1
13501,CTBP2
13502,CHST2
13504,ATR
13506,DSG4
13507,GK5
13514,TRAF6
13518,PACS1
13519,WFDC5
13524,CADM2
13526,RPN1
13539,CKAP5
13540,ARHGAP1
13541,MED16
13542,ATG13
13543,GAL3ST3
13546,GOLGA8A
13547,VWA3A
13552,CATSPER1
13553,CCNE2
13558,ZNF519
13561,ISX
13566,NRIP3
13568,SCUBE2
13570,SMAD2
13575,CLTB
13576,PCSK1
13577,LPL
13583,MCTP1
13587,DPP10
13589,TSGA10IP
13591,UBQLNL
13597,ALG10B
13599,LONRF3
13600,UCP3
13606,P2RY2
13608,ERCC4
13609,SUGCT
13613,RPS6KB2
13614,RMI2
13619,GPR156
13638,CCDC168
13639,CTDNEP1
13640,ETV4
13641,SWI5
13645,CREG2
13648,ZDHHC21
13649,TSPEAR
13651,A2M
13652,ARL4D
13654,LRRN1
13655,UBE2O
13657,KLHL38
13659,DENND2C
13665,B3GALT6
13666,ZNF613
13667,C11orf16
13668,TMPRSS7
13670,JAKMIP2
13672,TPRN
13676,CRYBG2
13680,YES1
13682,UFSP1
13684,TMEM39A
13687,CCDC57
13689,FOXG1
13690,SPHK1
13692,ENTHD1
13695,OR11H4
13697,LRRTM4
13698,ATAD5
13702,RTTN
13716,ZNF135
13733,RIMS2
13734,KCMF1
13736,SPRYD4
13738,CLEC14A
13739,SYNE3
13740,CLK2
13741,LPCAT4
13742,SLCO3A1
13743,ZNF575
13754,USF3
13758,DCAF4L2
13760,CNBD1
13761,KBTBD11
13763,MAP3K19
13766,MEX3C
13769,MYO1D
13783,MAGEB6
13785,TCERG1L
13786,NCKAP5
13790,OR52E2
13794,LRRC37A3
13796,IRX5
13798,FAM91A1
13801,SOX11
13802,TYMS
13806,TCEANC
13812,C8G
13814,OR51S1
13816,EFCAB5
13818,MUC20
13826,TRIM60
13828,FMR1NB
13829,SMCR8
13830,MTHFR
13833,DEAF1
13836,SIX5
13838,FBXO46
13843,POLE
13846,DSCAML1
13848,EPS8L2
13858,ULK1
13860,RIMKLA
13861,CLVS1
13863,RPS6KA3
13866,CHD9
13869,OR2T33
13871,TRIM72
13875,KCNA3
13881,KCNA2
13885,BEND2
13887,C10orf71
13891,PPFIA3
13892,MAGEF1
13893,UMODL1
13894,SAMD9L
13897,TGIF1
13902,ERICH5
13903,OR2T8
13904,NR2C2
13910,ARIH2
13917,ST8SIA3
13918,RPRM
13925,TBL1XR1
13927,CD163
13929,PIDD1
13930,ZNF491
13933,JUN
13934,CSTF2T
13938,ACAD9
13944,CD163L1
13945,SRRM3
13946,THAP5
13951,DNAJC28
13953,NAALADL2
13956,FAM20C
13958,SLC35G5
13960,TMEM94
13961,FLII
13963,HNRNPA0
13965,MYOZ1
13968,PCDHB9
13976,GRB2
13977,ZBTB41
13979,SPATA31C2
13981,ZNF354C
13983,MAMDC4
13987,RIC8A
13992,DPY19L2
13993,SPATA31E1
13999,ADAMTSL1
14001,IMPDH2
14002,ALS2CL
14003,MLF1
14006,GRAMD1C
14008,HTR3C
14011,PDE4DIP
14012,DDX10
14015,NDUFV2
14018,ZNF518B
14019,AMER3
14024,ZNF454
14025,SH2B1
14028,POGLUT3
14029,PLEC
14032,PRSS36
14033,ZNF543
14034,TMEM151B
14036,SLITRK1
14037,WDR6
14042,TMPRSS9
14045,ZNF354B
14052,PLEKHM3
14053,ZNF223
14054,HTR1A
14060,BEND3
14063,GLDC
14066,TUBAL3
14067,P4HTM
14069,DTX3
14071,AMBN
14073,SLC25A20
14077,ERBB4
14078,MAF
14079,CTNNBIP1
14082,PSAPL1
14088,CSRNP3
14089,ZNF713
14092,SUZ12
14094,KCTD12
14104,ZHX2
14105,CPN2
14108,CD300LB
14114,OPLAH
14118,EFCAB13
14119,MSC
14124,TAF7
14126,FOXE1
14127,PFAS
14130,TPRX1
14132,ZNF552
14134,GAK
14137,ERICH3
14139,CTC1
14151,KLHDC7A
14153,RRS1
14155,TRIML2
14158,IGSF22
14160,ZFP42
14162,FAM133A
14164,C12orf42
14167,HTR1F
14168,TMTC2
14170,FARSA
14172,C10orf67
14173,SAMD4B
14177,EDC3
14186,CALR
14189,LDLRAD3
14190,CDH4
14197,PTPN11
14198,NSUN7
14199,RTL3
14201,WSCD1
14204,HLA-DQB1
14205,GATA2
14208,PACS2
14212,GPC5
14218,KLHL28
14219,MKRN3
14220,ZBTB18
14223,ALOX12B
14227,DNHD1
14228,SLITRK4
14233,CIITA
14234,ZFPM1
14238,GRM8
14250,WDR97
14251,NLRP8
14253,APOBEC3B
14255,PIPOX
14256,FOXS1
14258,CDH5
14259,LRRC3B
14261,MRGPRX4
14263,MRGPRX3
14271,ABCA13
14272,NLRP11
14274,PDXDC1
14280,NRXN1
14281,SEPHS2
14284,ZNF784
14285,ZNF648
14287,CCR8
14290,FIZ1
14291,PUF60
14292,SSC5D
14294,ZNF771
14295,TSHZ1
14297,SOCS4
14306,ANKRD18A
14310,SEPTIN1
14313,TDRD6
14314,C12orf40
14318,MED14
14319,FAHD1
14321,RCC1
14324,F2
14326,PRKRA
14329,SLC9A4
14330,ZNF816
14331,FGD6
14333,GPR139
14334,PLD5
14338,ALX1
14341,MEIOC
14344,ITPRID1
14345,HCLS1
14347,ZNF609
14348,PAK2
14349,CCDC66
14352,MCFD2
14359,GAS1
14360,ARHGAP45
14363,GLIPR1L2
14372,FUT7
14373,H2AC6
14375,SKIDA1
14377,MB21D2
14378,GSX2
14379,SSTR2
14380,ZNF594
14383,PRF1
14385,MAB21L1
14387,TMEM64
14390,CHRM4
14392,S1PR5
14396,AGTR2
14399,ANKRD30B
14400,OR51E1
14402,ARSJ
14403,HOXC9
14404,MAP3K15
14405,PPA1
14406,HOXC10
14411,CXCR2
14416,CAPS2
14418,CUEDC1
14419,SCRIB
14423,CMTR2
14425,FAM83H
14427,OR56A1
14428,ZNF572
14433,OR52N2
14449,SLC25A42
14454,CHRM2
14455,OR52N4
14457,EHMT1
14463,NPM1
14465,DHTKD1
14466,PENK
14468,C4orf50
14470,ZNF746
14472,TMEM132C
14479,TMEM132E
14483,HEPHL1
14487,CFAP65
14488,DDX60L
14491,WASHC1
14493,AATK
14496,ZNF467
14497,SOX2
14498,ZNF678
14503,OR6T1
14510,SETD2
14512,TMIE
14513,MEX3D
14514,OR52D1
14517,FDCSP
14518,GPR135
14520,ANKRD62
14525,ATG9B
14527,ZNF875
14528,PLAG1
14533,ZBTB20
14540,OR8H2
14548,ADGRB1
14550,SLC9A9
14553,RFX7
14561,ZNF329
14563,OR4C6
14565,ADO
14568,PRKAG1
14572,OR4A16
14578,RTKN2
14580,CHST15
14582,USH1G
14583,MGAT4C
14584,TRIM49B
14585,IDH2
14586,OR52A1
14589,TMEM259
14590,CHD5
14591,TNRC18
14595,ZNF716
14599,TDRKH
14600,ZNF708
14601,IST1
14602,ERCC6L2
14603,MRPL41
14604,ENPP7
14605,CREB3L2
14606,P2RY8
14607,UNC5C
14608,MRGPRG
14610,RGMA
14615,RAD51B
14617,LDOC1
14619,EXT1
14620,SHMT2
14622,HHIPL1
14624,ZAR1
14626,BACE2
14628,SYNM
14629,KCNA4
14630,GABRG3
14631,NLRP10
14632,FIGN
14635,B4GALNT4
14637,C8orf33
14640,MBD3L3
14643,FBXL6
14648,LIPF
14651,ZNF804B
14652,KBTBD3
14664,KCNK4
14666,TSHZ2
14667,CAPN12
14668,EXOC7
14673,BGN
14675,LHFPL1
14676,FES
14678,FAM104B
14682,LIMK2
14688,CLEC4G
14689,SATB1
14691,CSF1R
14692,EPHB3
14693,VCX
14697,HS3ST4
14699,TSPAN10
14701,PLCB1
14705,NDN
14706,CCDC172
14708,NTM
14709,TTC3
14710,KCNB2
14713,GALR2
14719,RGS6
14723,PAPPA
14725,NGRN
14726,GRID1
14728,HCAR2
14733,MAGEB17
14739,PLCXD3
14742,ALG12
14743,LCK
14744,GALNT9
14745,COL18A1
14746,RBM10
14747,ADGRG3
14752,RGS7
14754,ZNF721
14760,OTOP3
14761,EWSR1
14766,SOX1
14767,CNOT10
14770,ZNF662
14771,CADM1
14772,ZNF320
14778,AP2A2
14782,OTOP2
14783,CYLC1
14787,CAMK1D
14791,IGSF5
14794,GAS6
14795,FREM3
14796,NEB
14797,BEGAIN
14798,GPC6
14801,CSMD1
14803,PTGDR2
14805,RIPPLY3
14810,FANCF
14811,CALN1
14814,C2CD4C
14815,CHST6
14816,POTEC
14819,CTNNA3
14820,RIMBP3C
14821,PRR36
14824,DDX41
14827,CCDC60
14829,DAZAP2
14830,CCBE1
14835,TMEM121B
14839,EPHA10
14844,BCOR
14846,CABCOCO1
14848,KIAA2026
14857,RIPK4
14858,LRIT3
14863,GRIN2A
14867,SH2D7
14870,MX2
14871,EP400
14873,TENT5C
14877,PRR14L
14879,ACSM5
14887,ZNRF3
14888,FBXL7
14890,H3C13
14891,SFXN4
14893,FAM167B
14895,ZNF438
14897,CCR3
14899,GOLGA8G
14900,PRR32
14902,RP1L1
14910,TRMT12
14911,PSG9
14913,BMP8A
14918,MRGPRX2
14922,OPCML
14930,CBX6
14931,MACC1
14932,ACSM2A
14938,CHEK2
14939,FOXL2
14941,KCTD16
14943,ZNF703
14944,SLC35F3
14945,KCTD8
14947,NPIPA5
14952,RBM12B
14962,ZNF730
14963,KIRREL1
14964,IQGAP3
14965,CNGA2
14967,SCN5A
14969,UTY
14972,TTC32
14973,LRRC55
14974,DNAH2
14975,MTCP1
14977,PRKX
14978,KMT5A
14979,KCNH8
14985,ST6GALNAC3
14987,ACTG1
14988,TMPRSS2
14989,DENND5A
14990,OR2T10
14995,TBX1
14999,TRIML1
15004,CNTN2
15008,KCNQ3
15016,KCNJ12
15023,DGAT2L6
15024,IRAK1
15027,PCDH9
15030,ALDH1A3
15031,H2AC20
15032,KCNK12
15038,TACSTD2
15040,PRKD1
15043,MROH7
15045,SRPK3
15048,SLIT3
15051,KRTAP19-1
15052,H1-5
15054,PKP3
15055,MAP7D2
15057,COLEC10
15060,MAML2
15063,OR4N5
15064,SS18L1
15065,KCND2
15066,TOP1MT
15067,COPB2
15070,KNTC1
15074,WDR27
15078,FOXO4
15081,FOXD4L1
15083,PROS1
15085,NUTM1
15095,SLITRK6
15096,PIWIL3
15098,XPOT
15104,KCNH7
15105,NRP2
15108,OPA1
15109,ZNF93
15110,SEPTIN9
15112,ODF4
15115,RALYL
15116,AMER1
15117,ZBTB40
15127,APOBR
15129,DDX53
15136,OSBP2
15137,TRARG1
15146,RBM33
15147,ARMCX2
15148,BTBD6
15151,RBM43
15157,JAG2
15161,LCN12
15163,WT1
15164,ZFP90
15168,MUC6
15170,USP18
15171,NDUFA6
15179,SLC22A10
15181,RFX6
15182,ROBO2
15183,AP3M1
15184,F8
15192,MROH2A
15195,ANKS1B
15198,SGCZ
15200,C5orf47
15201,KRT76
15202,FLRT2
15203,INTS5
15207,ANO9
15215,H2BC13
15217,NPY2R
15218,MIXL1
15220,LRRC37B
15221,DDX51
15224,ZNF479
15226,NRBP2
15229,TNFAIP2
15230,ZNF445
15231,PGBD2
15234,RAB11B
15236,GP1BA
15241,KIAA0825
15246,KLHL33
15248,GALNT17
15256,ARL15
15257,C12orf56
15258,SCN10A
15260,SOCS1
15261,TCN2
15266,HS6ST3
15275,TARS3
15280,FAM174B
15281,FAM47A
15285,GPRIN3
15286,KRT6B
15290,MUC1
15295,SV2B
15296,FAM131C
15299,PDE6G
15300,PRKG1
15302,DLK1
15304,LSAMP
15305,AHNAK2
15306,OLFML2A
15307,SP1
15313,LMLN
15316,PBX1
15319,KRT79
15320,ZFP36L1
15321,UBE2L3
15322,NTF3
15323,BRWD1
15325,SI
15326,SYN3
15333,MYBL1
15336,ANKFY1
15338,ZNF696
15339,ADARB2
15340,NRG3
15342,C11orf87
15346,KCNQ5
15351,NLRP9
15356,IKZF1
15358,NAT8L
15360,NPAP1
15364,DNAH14
15368,NPIPB4
15369,ZNF829
15374,IFITM1
15375,PRSS38
15381,C16orf54
15383,KLHL34
15385,PTCH1
15389,KRTAP5-5
15392,ZNF267
15393,IRS2
15395,FAM186A
15398,BICD2
15399,LCE3E
15402,GRK1
15404,SLITRK2
15407,LRCH3
15412,ZNF529
15413,ZNF284
15416,KRT73
15417,TAL2
15422,KRT5
15424,GSAP
15427,AGBL4
15428,ARGFX
15434,CYP4F2
15440,POLR3C
15445,CYP4Z1
15447,BCL9L
15449,KIF18B
15452,BPIFB3
15455,EDARADD
15463,ZNF749
15469,GPAT2
15472,GABRA5
15474,ZNF555
15475,OR10T2
15476,NAP1L3
15478,BACE1
15481,SLC36A3
15483,THBS2
15484,RXRA
15488,ZNF75D
15489,CYP4X1
15490,KRT26
15491,KRT10
15492,GOLGA8R
15493,CD300E
15496,GLDN
15499,TRDN
15501,KRT3
15513,PCLO
15517,MYT1L
15519,TMEM222
15521,CLCNKA
15525,FAM86B2
15528,SMYD4
15530,FOXD2
15531,GPATCH8
15534,NF2
15538,UBE2H
15545,PDE2A
15547,CARMIL3
15549,PRR5
15550,ZFP91
15553,MAGEE2
15555,LYRM7
15556,MIA2
15557,CCDC73
15558,BCR
15560,MPPED1
15569,KCNK18
15571,VSIG10L
15575,TPCN1
15576,LILRB4
15581,LCE1A
15582,KRT14
15583,TRABD2A
15586,POFUT2
15589,ERCC6L
15594,FGF3
15598,SERPINA11
15599,P2RY4
15600,ZNF395
15601,ZACN
15606,PPARA
15607,TMEM232
15613,EFCAB6
15617,EMID1
15625,SAMD7
15626,GPR141
15627,TMPRSS6
15628,CYP4A11
15631,TMPRSS11A
15633,C3orf70
15637,PLCD1
15638,CCK
15640,MITF
15641,HEATR4
15643,LILRA5
15645,SLIT1
15653,SHTN1
15656,LCE2A
15664,GCNT1
15665,LCE2D
15669,DYNC2H1
15670,KRT12
15672,BCAM
15673,RSBN1L
15674,NPSR1
15675,WDR86
15676,EPOR
15680,DCC
15682,PCDHB13
15683,MAGI2
15684,LUZP2
15687,FPR3
15692,COL4A1
15695,PTMA
15698,ATP13A5
15701,IFT140
15702,POTEG
15704,AGMO
15705,SBK2
15708,USP7
15709,NOS3
15710,FOXD4L3
15711,NHLRC1
15712,DPPA3
15714,PLEKHN1
15717,TET3
15718,ZNF286A
15722,MYMK
15724,ZKSCAN4
15732,ERC2
15736,TRPV2
15738,EZHIP
15742,SLC18A3
15743,KBTBD12
15744,THSD4
15746,GABRD
15749,NHEJ1
15750,FANCA
15751,SECISBP2
15756,SEMA4D
15758,LIN28B
15760,DNAH17
15763,FANCM
15767,PEAR1
15771,ZFP69
15772,HELT
15773,RTL4
15776,H1-2
15778,EIF4EBP1
15779,P2RX2
15782,CCDC157
15783,TTC24
15785,PALM3
15787,FYB2
15790,DMBT1
15791,CLEC17A
15796,OVCH1
15798,COL14A1
15799,DNER
15808,TPRG1
15812,UBQLN2
15815,ZNF490
15816,CLCN1
15818,NWD1
15819,ARL4C
15824,WNT7B
15829,MESP2
15831,EYS
15836,TMEM215
15837,NUTM2G
15838,COL4A5
15840,AGRN
15841,NHS
15842,OTOG
15845,ZNF626
15846,HEPACAM2
15847,SMTNL2
15850,PRKAR1B
15851,NUTM2B
15852,NCR3LG1
15856,ZNF793
15858,AGAP4
15863,OR7A5
15869,ZNF669
15877,SBK1
15884,FOCAD
15896,SELL
15898,CHM
15899,NOS2
15901,CERKL
15902,SLC24A5
15905,INSC
15906,SERPINA5
15910,KRTDAP
15911,COL25A1
15917,CCDC9B
15919,OR2G6
15920,RALGAPA2
15924,KRTAP1-1
15925,PAQR9
15927,CFAP54
15938,DPYD
15941,CC2D2B
15943,SAXO2
15944,RHCE
15960,FSIP2
15969,ADRB3
15970,SKOR1
15973,PLA2G2E
15977,SHISA6
15979,NHLRC3
15982,ZDHHC11
15983,CALHM6
15985,SLX4
15988,BEND4
15990,ZNF563
15991,TMC3
15998,LRRK2
16003,HACD4
16005,NYX
16015,LRRC66
16016,ZNF292
16019,SBSN
16027,ANKDD1B
16028,ALKBH2
16032,RELN
16033,FAM111B
16035,H1-0
16038,VSTM1
16040,ARID2
16042,SAP130
16043,PRSS48
16044,IL1RAPL2
16047,ANKRD34B
16053,ZNF573
16055,FAM47E
16056,JPT1
16057,ZNF527
16058,ZAR1L
16061,ZNF33A
16064,PCDH18
16065,DCAF8L2
16066,ZNF600
16067,BTBD8
16072,SPANXN3
16073,TRIM64B
16077,FHIT
16080,FOXR2
16081,RRP7A
16082,LIN54
16085,BNIP5
16091,TOGARAM2
16094,KIAA0408
16100,HMGB1
16107,OR2L13
16109,SYCP2
16110,ZNF724
16112,PTPRT
16113,MYBPC1
16114,PAX5
16119,ZNF676
16120,ZNF699
16121,TDRD7
16123,OR8A1
16125,HLA-DRB1
16128,SERPINA3
16131,ZNF250
16133,ZNF79
16135,PLEKHG4
16137,FAT4
16138,KIF19
16140,ZNF681
16141,ACADSB
16143,OR10J1
16144,TMEM63A
16147,HRCT1
16148,MPHOSPH8
16149,GREB1
16150,SIRPB2
16152,RYR1
16153,SRGAP3
16158,LCOR
16159,SUPT5H
16160,XPNPEP3
16161,OR2T2
16162,OR2C3
16163,ZNF107
16165,SFTA2
16166,PPIA
16167,ZNF471
16169,ZNF836
16170,ZNF493
16176,ATP2A1
16178,POM121
16181,STK31
16183,NLGN3
16184,OR8D1
16185,ADH7
16186,ZKSCAN7
16187,ZNF729
16189,CPNE4
16191,NTNG2
16194,PIM1
16195,TRRAP
16198,FUT4
16200,SLC35F1
16203,ZNF140
16204,INCA1
16207,EVL
16208,SPANXD
16211,EPHB4
16214,ZNF124
16219,NBPF4
16221,CRYBA4
16224,ZNF569
16225,ARMCX4
16227,ZNF777
16228,PIK3R4
16229,ZNF775
16232,RFX8
16234,ZNF799
16239,ESRRG
16240,IPO4
16241,NCOR2
16244,PRPF40A
16246,TCEAL3
16247,ANAPC7
16251,NACA
16252,MYO18A
16253,OR2T3
16254,SPTSSB
16256,MAN2A2
16257,MME
16260,CACNA1H
16262,HBG2
16263,LAMA2
16265,PLXNB2
16267,AJAP1
16269,MYO6
16270,MRTFA
16273,ZNF782
16275,POTEF
16276,ZNF846
16278,ADH1B
16279,UGT2B15
16281,WNK3
16291,TECPR2
16292,TLR7
16293,FAM180B
16298,TRPV1
16299,ZNF33B
16304,NF1
16306,ZNF418
16307,DAPK1
16308,LCE1B
16310,COL27A1
16315,ZNF700
16316,POU3F4
16320,TLE1
16321,MAML3
16322,H2AC11
16323,STRN3
16328,ZSCAN16
16333,POTEI
16340,RGPD4
16341,NHLRC2
16342,H2AC7
16346,SCN8A
16347,LAMB3
16351,ANKRD36B
16352,ARHGEF12
16355,FLNA
16356,TMEM26
16357,SRGAP1
16359,NOP9
16363,CASP4
16364,AP2A1
16365,ZNF585A
16366,FUT11
16373,WDR45
16375,ZNF138
16376,ZNF429
16377,ZNF470
16378,SERTAD1
16379,ZNF100
16384,ZNF441
16387,ZNF420
16390,DTHD1
16395,KIAA1671
16396,KRT35
16397,IGF2R
16398,LCE1C
16400,DYNC1H1
16401,SLC6A17
16403,PCBP2
16405,SLC25A29
16406,PGAP1
16407,SRC
16408,ZNF679
16409,ZNF682
16412,ZNF257
16413,PCNX3
16414,ADAM32
16416,LRRC8B
16417,ABCB8
16419,SND1
16422,NEK5
16424,MAGEA6
16426,PIWIL2
16427,NOL4L
16430,ZSCAN5B
16432,LRP1
16433,TBC1D9B
16438,SERPINA1
16439,TPSB2
16445,RAD54B
16446,ZNF165
16447,SYNGAP1
16449,BLM
16453,SVIL
16454,TRIM33
16460,UAP1L1
16461,ZNF98
16462,FBXL22
16463,ZNF786
16465,ZNF675
16467,DACT3
16468,ADARB1
16470,HTT
16473,DIO3
16474,CYP2B6
16475,H3C4
16476,DCHS2
16477,VEPH1
16481,IPP
16484,MAP3K5
16485,OGDHL
16488,HNRNPAB
16493,COL13A1
16494,SPN
16495,ZNF695
16496,PCDHB11
16497,ZNF628
16498,GAL
16500,ZNF665
16501,RPF2
16502,SLC28A3
16503,FAM177B
16504,MIB2
16506,MYO5A
16508,ATG7
16509,SIPA1L1
16514,COL4A6
16515,ZNF624
16517,TOPORS
16520,ENTPD6
16523,ENPP1
16525,FAR1
16526,CPLANE1
16527,ZNF841
16529,MYH6
16532,EOLA1
16534,MPEG1
16536,DPP4
16537,SERPINB13
16538,PDCD1LG2
16539,ZNF433
16541,DNAH10
16543,OR51C1P
16545,SPTAN1
16547,PARVA
16548,KLHL14
16552,ZNF460
16555,RPS26
16563,TXNRD3
16564,CFD
16570,ZNF81
16572,ZNF780A
16573,ATAD3A
16577,ZNF461
16578,CCDC180
16588,GPAA1
16591,ZNF790
16592,PRB3
16593,CYRIA
16594,NMI
16595,NKIRAS1
16597,UGT2B17
16600,KIF13B
16604,H2BC12
16605,TEAD4
16606,SPG7
16607,HRNR
16608,IFNA13
16613,ZNF311
16614,ZNF347
16615,OR5H2
16616,PLCG2
16617,FCHSD1
16618,ZNF71
16622,DNM3
16625,VPS13A
16626,MBP
16628,ELOVL2
16630,LEKR1
16634,KEL
16638,DLGAP2
16640,ENTPD7
16643,ZNF560
16644,TUBA3C
16646,ZNF273
16649,ZNF667
16651,SIRPA
16652,GRK6
16658,SULT1C4
16659,CYP2A7
16662,CD2AP
16664,SFI1
16666,TMPRSS11F
16667,ZNF649
16668,ADH4
16669,OR2T6
16671,CHSY3
16672,TOR4A
16675,OR2L3
16678,ZNF544
16681,ZNF770
16683,HMGN5
16685,MAN1A2
16687,ZNF251
16689,FAM47C
16690,TFDP1
16694,ZNF334
16696,SZT2
16698,ZXDA
16701,CACNA1E
16705,DDX42
16710,HELZ
16713,UCKL1
16715,CARD11
16717,PEG3
16719,ZKSCAN8
16724,ZNF442
16725,ZNF813
16727,DCAF12L2
16732,WWP2
16733,GFPT1
16734,UVRAG
16738,ITSN2
16739,NTRK1
16743,ZNF69
16744,TXNRD1
16747,KRTAP4-1
16751,ZXDB
16752,ZNF480
16757,ZNF808
16761,TMA16
16762,HLA-DRB5
16764,CNGA1
16767,ZNF43
16771,ZNF28
16772,ITGBL1
16777,WDHD1
16779,CTNND1
16781,SLC34A3
16785,ARC
16788,LRBA
16789,ZNF536
16790,MMP17
16791,OR2M2
16792,BAZ1A
16796,MDM4
16797,RYR2
16798,ZNF534
16799,KLHL9
16801,NCOA6
16802,STK39
16804,C6orf89
16806,LPA
16807,TAFA2
16813,PAPSS2
16816,ABCA4
16820,GPX6
16821,CEP290
16824,TOGARAM1
16825,DLL1
16827,ECI2
16828,UNC13B
16831,LDB1
16833,CTR9
16834,SMOC1
16835,F5
16838,ZNF652
16839,SMURF1
16841,GPATCH3
16842,CDC42BPB
16843,PLXNB3
16844,OXCT2
16846,COLGALT2
16850,SYCP1
16852,RCSD1
16856,GRIN3A
16861,MTOR
16863,ZNF521
16864,ALPK2
16865,BRINP2
16866,MAGEB3
16870,PAX9
16874,ZNF358
16877,GRM3
16880,ARHGAP11A
16881,SUCNR1
16882,HMGN2
16887,DENND4B
16888,RYR3
16892,STYXL2
16894,ARHGEF15
16895,TOX
16896,CES2
16898,RUSC2
16904,LTN1
16906,CCDC152
16911,SFMBT2
16918,DCAF12L1
16924,TOP1
16927,MAP3K3
16928,L1CAM
16935,DZIP3
16936,KIAA0753
16937,DCLRE1A
16939,NOS1AP
16947,ZFP2
16949,L3MBTL3
16950,DMD
16952,NAGA
16953,SMG5
16955,TGM2
16960,OR10R2
16972,STUM
16975,CR1
16982,GPR52
16984,FCGR3A
16990,FANK1
16995,KPRP
17002,PNLIPRP3
17004,HSD3B1
17005,HSD3B2
17010,GDI1
17011,PCMTD2
17012,SOX18
17014,OOEP
17015,KHDC3L
17018,SPANXN1
17028,GLYATL3
17040,LIPJ
17048,INPP5B
17050,NEU4
17051,MAFB
17053,CHIC1
17054,GIGYF2
17056,RUFY2
17057,NHSL2
17059,PHACTR4
17062,AGAP6
17069,GPRIN2
17071,MACO1
17073,ZDBF2
17075,AWAT1
17076,DAXX
17077,BMPR2
17082,RXRB
17085,COL11A2
17089,COL5A2
17096,HLA-DRA
17098,COL15A1
17099,TSBP1
17101,NOTCH4
17113,RP1
17122,SDHD
17123,EHMT2
17131,HSPA1L
17135,COP1
17137,MBD5
17143,ABHD16A
17147,C6orf47
17150,TRIM49C
17153,PRRC2A
17156,PRAMEF20
17158,PRAMEF19
17159,PRAMEF14
17166,ZNF814
17167,MICB
17170,MICA
17172,HLA-C
17173,POU5F1
17175,CCHCR1
17176,PSORS1C2
17180,MUC21
17186,KRTAP5-11
17187,KRTAP5-10
17188,ABCF1
17198,TRIM15
17201,TRIM10
17206,DISP3
17208,HLA-G
17209,TBC1D8
17210,NMS
17211,HLA-F
17214,MOG
17215,OR2H2
17219,AKT1S1
17220,GABBR1
17232,TRIM27
17233,MALRD1
17234,RANBP17
17238,MRPL53
17239,MROH6
17240,ATXN2
17241,DCTN1
17243,PNMA8B
17246,ZBTB48
17251,KRTAP4-8
17252,GPR20
17255,KRT25
17265,FAM221B
17267,PSG5
17269,ZNF425
17271,FBXO47
17273,PCDHGA1
17274,PCDHA9
17275,PCDHA8
17276,PCDHA7
17277,PCDHA5
17278,PCDHA4
17279,PCDHA2
17280,PCDHA1
17284,PRSS1
17290,PKHD1L1
17299,FRG2
17311,ZBTB10
17314,LGR4
17316,VIT
17322,MUC12
17334,IPO7
17336,TECPR1
17338,SLCO6A1
17342,CFI
17344,SAMD9
17345,KRT6A
17348,EXOC3L4
17351,KRTAP10-2
17356,OR52J3
17360,RGL3
17361,NAP1L4
17362,TMSB4X
17363,TMEM256
17369,DENND6B
17373,VCX3B
17374,CDKN1A
17377,ARSH
17380,TECRL
17381,DPF3
17385,ETFRF1
17388,ITSN1
17390,DENND1C
17398,KLRC2
17399,KLRC3
17400,C16orf96
17401,GMNC
17405,NANOGNB
17406,LRRC72
17415,ZNF316
17418,CEMP1
17419,OLIG2
17423,NYNRIN
17424,DNAJC19
17427,SMIM21
17429,C18orf63
17435,SERPINB4
17436,SERPINB5
17450,ATP10A
17455,COL6A6
17458,TMEM200C
17460,HLA-A
17466,VGLL3
17468,TRIM71
17469,ZCWPW2
17475,DIO2
17484,PRR22
17485,TAS2R19
17486,TAS2R50
17492,CTAGE1
17493,KRTAP4-11
17494,KRTAP4-9
17500,KRTAP3-3
17504,MAP10
17510,ZNF611
17512,SYT3
17518,SCAF8
17520,ACKR1
17521,ZNF254
17529,MLLT11
17541,NRAS
17546,CHUK
17549,COG8
17550,ARHGAP19
17551,HAUS7
17555,PVRIG
17561,SIPA1
17562,ERV3-1
17567,RBMXL1
17585,NCKIPSD
17587,TREX1
17597,GTF2H4
17600,ZNF845
17602,CEACAM18
17605,UBD
17608,SLC23A3
17612,MDP1
17618,HBE1
17621,ITGA1
17622,RP2
17623,ZNF726
17624,ZNF99
17627,ZNF90
17630,MEF2B
17633,REPIN1
17643,WEE2
17645,LYRM4
17649,ALG3
17655,MINDY4B
17662,SPDYE3
17666,SOGA3
17674,GNAT3
17675,AS3MT
17677,PLIN5
17682,PPME1
17686,NUTM2D
17690,ZNF727
17699,CAPN14
17706,FER1L6
17709,RAD51AP2
17714,PNMA6E
17715,SPATA31D1
17719,ARHGEF28
17720,TBC1D26
17725,ACSM4
17727,COL28A1
17730,NEURL4
17731,GRID2IP
17733,UBXN2B
17739,MUC5AC
17744,GRXCR1
17748,GOLGA8B
17749,KCNU1
17751,GAGE10
17753,DDX3X
17754,VPS16
17763,ZNF407
17764,NPEPL1
17768,SKOR2
17785,RPTN
17788,C1orf167
17789,TTC34
17795,CCDC7
17796,FNIP1
17802,TENM3
17804,TDRD15
17815,LINGO3
17820,EBF2
17823,PSG3
17824,FANCG
17829,C2orf16
17835,PLXNA4
17839,PSG7
17841,OR3A2
17849,PPP2R2A
17851,ZNF880
17860,XKR9
17862,SLC12A8
17867,OR4E2
17870,MYBPHL
17873,ZNF630
17876,FAM185A
17881,POTEJ
17884,USP17L2
17886,VPS52
17888,ZNF844
17893,EBLN1
17894,HBD
17896,ZNF735
17897,RFPL4A
17899,SUPT20HL1
17917,NPIPA3
17921,PRRT4
17922,PPP4R3C
17924,PNMA6F
17926,PLEKHM1
17928,TDGF1P3
17933,ZNF469
17939,ERCC6
17940,FRG2B
17943,ELFN1
17951,CROCC2
17952,DCAF8L1
17957,KIF4B
17961,TAS2R46
17962,SRRM5
17966,ERVMER34-1
17972,ANHX
17973,ZNF717
17979,PARG
17980,AKR1B15
17983,LTB
17994,OR2M3
17997,FAM174C
18016,RFPL4AL1
18019,PATL2
18027,ZNF492
18028,ZNF688
18041,SPATA31C1
18045,SPDYE21
18047,ANKRD18B
18054,SETSIP
18063,PLSCR5
18072,CPS1
18075,PSG4
18078,MAGEB6B
18084,DYTN
18094,AJM1
18097,HLA-DQB2
18099,TNF
18100,PET117
18113,GPX1
18137,ZNF879
18141,KBTBD13
18142,ZNF736
18147,OR10G8
18148,MCIDAS
18150,NPIPB2
18151,HLA-B
18153,IQCM
18160,ANKRD65
18162,ZSCAN31
18168,KDM4E
18173,NFAM1
18179,KIAA0040
18181,B3GALT4
18192,PPIAL4G
18202,ZNF853
18204,ARHGEF38
18206,CTAGE9
18222,ZNF737
18229,HLA-DQA2
18231,KIFC1
18242,LRRC37A2
18246,OR2W3
18248,TXNDC5
18250,RNF103
18251,RBM14
18254,PCDHA13
18270,GET4
18273,ADSL
18275,LILRA4
18278,AMY2B
18288,LCE1F
18289,KIR3DL2
18294,L1TD1
18298,PNMA2
18299,LRRD1
18300,KRBOX1
18304,RDH14
18305,KRTAP4-7
18310,UGT1A9
18313,OR14A2
18317,KRTAP5-8
18318,KRTAP4-16
18329,ARHGAP8
18336,INMT
18348,PI4KA
18350,HYPK
18356,PSG1
18357,ARFGAP3
18362,UGT1A8
18363,EIF3A
18365,PCDHGC4
18369,UGT1A10
18371,HLA-DMB
18375,CCDC169
18377,AP5Z1
18378,ZNF709
18379,STRC
18381,ERVW-1
18383,PRAMEF4
18387,MICAL3
18389,PCDHAC2
18392,VSIG8
18398,NAA80
18414,LEFTY1
18415,CFAP57
18416,NPIPB5
18420,KIR2DL3
18426,ZNF512
18427,GSTA1
18428,RTL9
18439,UGT1A7
18440,P2RY11
18450,ETV5
18452,CFHR1
18453,RBM12
18456,LILRA6
18467,PTCHD4
18468,C4B
18473,CEBPA
18475,UBAP1L
18477,ZCCHC3
18481,USP51
18485,ADH1C
18489,CDK11B
18490,PCDHAC1
18494,PCP4L1
18498,LY75-CD302
18501,C4orf54
18502,ACTN3
18507,FMN1
18517,PCDHA11
18525,ZNF324B
18533,FER1L5
18546,TMEM158
18548,YJEFN3
18549,PCDHA10
18555,ZNF718
18558,GYPB
18561,KIAA1210
18565,GPR162
18573,SELENOP
18577,PRODH2
18589,ZNF345
18595,ZNF550
18597,FOXD1
18602,PRB2
18603,PCDHA12
18605,OC90
18606,RGS21
18607,PCDHGA12
18608,C8orf88
18613,PCDHGB6
18619,PCDHGA5
18621,PCDHGA7
18623,SLC10A5
18628,PRKDC
18629,PCDHGA6
18630,PCDHGA8
18632,ETV3L
18633,PCDHGA10
18634,PCDHGA11
18635,PCDHGB2
18636,PCDHGB4
18638,ZNF260
18639,LYN
18643,NPIPB11
18646,PCDHGA3
18647,LRRC24
18657,SIGLEC12
18658,PABPC4L
18662,MAGEL2
18666,RTL1
18672,IGLL5
18690,DPP3
18693,KRTAP5-1
18714,OR8G5
18721,TAS2R43
18724,HCAR3
18725,PCDHA3
18751,CYP2A6
18757,ZNF432
18759,TAS2R30
18761,ZNF10
18762,ZNF486
18765,ZNF225
18767,ASIC5
18769,TAS2R31
18771,SALL3
18780,CLEC12B
18782,ZNF350
18785,ZNF253
18786,KLRF2
18787,C17orf100
18791,SLC5A8
18803,LSM14A
18811,ZBED6
18812,MGAM
18818,ZNF878
18825,MGAM2
18828,CUX1
18835,OR9A4
18843,PPT2
18844,ZNF578
18864,TRIM34
18877,DUXA
18879,CEP95
18893,ELN
18897,ITGB3
18916,SLC22A31
18921,TGFBR3L
18925,SPDYE6
18934,MRC1
18940,KCNJ18
18944,ANKRD20A1
18946,TLE7
18959,EPPK1
18961,ZNF865
18964,MUC22
18969,TUBB8
18984,GOLGA8S
18988,GOLGA8H
19003,PCDHGB3
19004,CORO7
19008,MMP12
19016,PCDHGA4
19019,SPON1
19028,GTF2I
19029,ZNF234
19030,CSNK2B
19037,IKBKE
19044,NBPF11
19047,KRT222
19053,MYH4
19054,OTUD7B
19058,GJA5
19064,TIMM23
19075,BAHCC1
19079,STRADA
19085,NBPF15
19086,NCOA4
19088,GDF10
19089,MYO15B
19098,ZNF850
19118,ZNF585B
19124,ZNF285
19125,S1PR2
19133,ZNF224
19146,MAGEA9B
19149,NBPF12
19151,GABRQ
19168,SSX2
19179,ZNF723
19189,ERVV-2
19191,SPANXN2
19196,ZNF728
19199,TRABD2B
19211,SPIB
19219,ERVV-1
19226,ZIM2
19228,NBPF9
19231,SLC25A53
19240,LUC7L2
19241,MEI4
19258,NBPF14
19259,TAF15
19261,GAS2L2
19267,CTAGE15
19273,NBPF19
19274,NBPF10
19284,SYNCRIP
19297,KMT2B
19298,POM121C
19306,ZNF595
19310,PCDHB16
19322,CEP43
19329,GRIN2B
19354,AGBL1
19355,H4C12
19359,EPOP
19369,CEACAM20
19370,H2BC8
19378,H3C8
19397,H2BC6
19401,TPTE
19410,DGKK
19425,TBC1D3B
19433,ZNF280B
19435,MLLT6
19439,PPP4R3B
19448,KCNMB2
19450,H2AC15
19453,PRAG1
19454,H3C11
19458,HNF1B
19467,XKR5
19475,H2BC9
19477,CCL15
19480,HNRNPCL2
19482,RIMBP3
19484,ARHGAP23
19485,TUBGCP5
19487,PRSS2
19493,SPATA31A3
19496,DUSP14
19503,OR13C2
19504,H4C9
19505,PIK3R6
19506,TADA2A
19513,H2AC14
19516,H2BC3
19523,PCDHGB5
19527,DACH1
19529,PADI6
19533,H4C5
19544,H2BC7
19547,SRCIN1
19548,GPR179
19560,NEFL
19570,H3C7
19578,SRD5A2
19585,DDX52
19592,SSTR3
19599,ZNF229
19609,ACACA
19612,H2BC10
19619,GOLGA6L4
19620,H2AC17
19623,H4C2
19627,H3C10
19633,OR51B2
19642,OR2T11
19645,OR2AG1
19658,PCDH20
19750,EXOC3L2
19820,C2orf81
19869,OR8S1
19888,CCDC39
19920,DDIT3
19930,ABCF2
20013,SNRPD3
20041,H3C2
20044,H3C3
20155,PRRC2B
20156,UGT1A3
20169,CTAGE4
20189,ZNF689
20233,HOMEZ
20240,ZNF568
